source,target,lr_list
Adenohypophyseal,Adenohypophyseal,"['MDK-NCL', ' CALM1-MYLK', ' GPC3-IGF1R', ' MDK-ITGA6', ' CALM1-HMMR', ' CALM2-MYLK', ' BSG-SLC16A1', ' GPC3-CD81', ' EFNA5-EPHB1', ' GPC3-LRP2', ' SEMA3A-NRP2', ' CDH1-PTPRF', ' CDH1-PTPRM', ' CALM3-MYLK', ' FN1-ITGA6', ' COL18A1-GPC4']"
Adenohypophyseal,Epibranchial,"['MDK-NCL', ' GPC3-IGF1R', ' MDK-SDC4', ' CALM1-MYLK', ' DNAJB11-PRTG', ' CALM1-HMMR', ' CALM2-MYLK', ' GPC3-CD81', ' BSG-SLC16A1', ' CDH1-IGF1R', ' CDH1-PTPRF', ' CXCL12-ITGB1', ' FN1-ITGA6', ' CXCL12-SDC4']"
Adenohypophyseal,Epithelial,"['HSPA8-LRP2', ' MDK-LRP2', ' CALM1-PTPRA', ' GPC3-UNC5C', ' GPC3-LRP2', ' GPC3-IGF1R', ' CALM1-KCNQ5', ' GPC3-FLT1', ' MDK-SDC2', ' MDK-LRP1', ' DNAJB11-PRTG', ' CALM1-HMMR', ' GPC3-CD81', ' MDK-SDC4', ' CALM2-KCNQ5', ' CALM1-RYR2', ' HSP90B1-LRP1', ' GNAI2-IGF1R', ' GPC3-LRP1', ' ARPC5-LRP2', ' SLIT2-APP', ' SEMA3A-NRP1', ' SEMA3A-NRP1', ' CDH1-IGF1R', ' ACTR2-LRP2', ' LRPAP1-LRP2', ' CXCL12-ITGB1', ' CDH1-PTPRF', ' FBLN1-ITGB1', ' LAMC1-DAG1', ' LAMB1-DAG1', ' FAM3C-LAMP1', ' PDGFC-FLT1', ' SEMA6A-PLXNA2', ' CALM3-KCNQ5', ' PIGF-FLT1', ' SPTAN1-PTPRA', ' CALM3-RYR2', ' FN1-SDC2', ' COL18A1-GPC4', ' TXLNA-STX3', ' CXCL12-SDC4', ' LRPAP1-LRP1', ' FAM3C-LIFR', ' VEGFB-NRP1']"
Adenohypophyseal,Lens,"['HMGB1-SDC1', ' GPC3-IGF1R', ' CALM1-MYLK', ' MDK-SDC4', ' GPC3-CD81', ' CALM2-MYLK', ' BSG-SLC16A1', ' CALM1-KCNQ5', ' MDK-SDC1', ' MDK-LRP1', ' MDK-NOTCH2', ' MDK-SDC2', ' CALM2-KCNQ5', ' CALM1-PTPRA', ' CALM1-INSR', ' CALM1-PDE1C', ' CALM2-INSR', ' GNAI2-IGF1R', ' CALM2-PDE1C', ' GPC3-UNC5C', ' GPC3-LRP2', ' GPC3-LRP1', ' CDH1-IGF1R', ' CDH1-PTPRF', ' ARF1-INSR', ' LAMC1-DAG1', ' LAMB1-DAG1', ' CALM3-MYLK', ' CXCL12-ITGB1', ' CALM3-KCNQ5', ' CDH1-PTPRM', ' AFDN-EPHB2', ' LTBP1-ITGB5', ' FN1-ITGA9', ' SEMA6A-PLXNA2', ' FN1-ITGA6', ' CALM3-INSR', ' HRAS-INSR', ' CALM3-PDE1C', ' FN1-SDC1', ' FN1-SDC2', ' FN1-ITGAV', ' WNT5B-LRP6', ' WNT5B-LRP6', ' CXCL12-SDC4', ' SEMA5A-MET', ' LAMC1-ITGA9', ' COL4A1-ITGA9', ' LAMB1-ITGA9', ' TXLNA-STX3', ' NAMPT-INSR', ' CDH1-ERBB3', ' COL4A1-SDC1', ' LRPAP1-LRP1', ' COL4A1-CD47', ' CXCL12-ITGAV', ' WNT5B-FZD8']"
Adenohypophyseal,NC,"['MDK-NCL', ' HMGB1-SDC1', ' GPC3-IGF1R', ' MDK-LRP1', ' MDK-SDC1', ' CALM1-HMMR', ' CALM1-PTPRA', ' HSP90B1-LRP1', ' CALM1-INSR', ' GPC3-CD81', ' GPC3-UNC5C', ' CALM2-INSR', ' BSG-SLC16A1', ' GPC3-LRP1', ' SEMA3A-NRP2', ' PDAP1-PDGFRB', ' CDH1-IGF1R', ' GNAI2-EDNRA', ' CXCL12-ITGB1', ' FN1-ITGA9', ' SEMA6A-PLXNA4', ' LTBP1-ITGB5', ' FN1-SDC1', ' FN1-ITGA8', ' FN1-ITGA6', ' HRAS-INSR', ' CDH1-PTPRM', ' FN1-ITGAV', ' PDGFA-PDGFRA', ' LAMC1-ITGA9', ' WNT5B-LRP6', ' COL4A1-ITGA9', ' LAMB1-ITGA9', ' PDGFA-PDGFRB', ' PDGFC-PDGFRA', ' COL4A1-SDC1', ' LRPAP1-LRP1', ' CXCL12-ITGAV', ' NAMPT-INSR', ' NPNT-ITGA8', ' PDGFC-PDGFRB', ' WNT5B-FZD7']"
Adenohypophyseal,Neural plate,"['MDK-NCL', ' HMGB1-SDC1', ' YBX1-NOTCH1', ' GPC3-IGF1R', ' HSPA8-LDLR', ' MDK-LRP2', ' EFNA5-EPHA7', ' MDK-PTPRZ1', ' MDK-ITGA6', ' CALM1-PTPRA', ' CALM1-HMMR', ' MDK-NOTCH2', ' MDK-LRP1', ' MDK-SDC1', ' CALM1-MYLK', ' DNAJB11-PRTG', ' MDK-SDC2', ' CALM1-INSR', ' CALM1-CACNA1C', ' EFNA5-EPHB2', ' GPC3-CD81', ' CALM2-INSR', ' CALM2-CACNA1C', ' EFNA5-EPHB1', ' GPC3-LRP2', ' GPC3-UNC5C', ' CDH1-CDH2', ' APP-DCC', ' GPC3-LRP1', ' SEMA3A-NRP2', ' AFDN-EPHA7', ' CDH1-IGF1R', ' SLIT2-DCC', ' AFDN-EPHB2', ' CXCL12-ITGB1', ' EFNA4-EPHA7', ' NRXN3-NLGN2', ' FN1-ITGA6', ' EFNA4-EPHA4', ' HRAS-INSR', ' FN1-SDC1', ' CALM3-CACNA1C', ' WNT5B-LRP6', ' FN1-SDC2', ' FN1-ITGAV', ' FN1-ITGAV', ' LRPAP1-LRP2', ' ACTR2-LDLR', ' NAMPT-INSR', ' LRPAP1-LRP1', ' LRPAP1-SORT1', ' COL4A1-CD47', ' LRPAP1-LDLR', ' CXCL12-ITGAV', ' MAML2-NOTCH1', ' WNT5B-FZD7', ' LRPAP1-LRP8']"
Adenohypophyseal,Olfactory,"['HMGB1-SDC1', ' GPC3-IGF1R', ' MDK-ITGA6', ' CALM1-MYLK', ' CALM2-MYLK', ' CALM1-KCNQ5', ' CALM1-HMMR', ' MDK-SDC2', ' CALM2-KCNQ5', ' GPC3-CD81', ' CALM1-INSR', ' BSG-SLC16A1', ' CALM2-INSR', ' EFNA5-EPHB1', ' GPC3-LRP2', ' NECTIN3-CADM1', ' GPC3-LRP1', ' SEMA3A-NRP2', ' CDH1-PTPRM', ' CDH1-CDH2', ' CDH1-IGF1R', ' CDH1-PTPRF', ' APP-TSPAN12', ' SLIT2-ROBO2', ' CALM3-MYLK', ' FN1-ITGA6', ' CXCL12-ITGB1', ' AFDN-EPHA7', ' CALM3-KCNQ5', ' COL18A1-GPC4', ' LAMC1-ITGA6', ' FN1-SDC2', ' FN1-SDC1', ' LAMB1-ITGA6', ' WNT5B-LRP6', ' WNT5B-LRP6', ' FN1-ITGAV', ' TXLNA-STX3', ' EFNA4-EPHA7', ' COL4A1-CD47', ' CDH1-ERBB3', ' CDH1-LRP5', ' CXCL12-SDC4', ' LRPAP1-SORT1', ' CXCL12-ITGAV', ' WNT5B-FZD8', ' WNT5B-LRP5', ' WNT5B-LRP5', ' WNT5B-LRP5']"
Adenohypophyseal,Otic,"['MDK-NCL', ' EFNA5-EPHA4', ' CALM1-MYLK', ' CALM2-MYLK', ' GPC3-IGF1R', ' MDK-ITGA6', ' CALM1-HMMR', ' GPC3-UNC5C', ' BSG-SLC16A1', ' GPC3-CD81', ' EFNA4-EPHA4', ' NECTIN3-CADM1', ' SLIT2-ROBO1', ' CALM3-MYLK', ' CDH1-CDH2', ' CDH1-PTPRF', ' CXCL12-ITGB1', ' FN1-ITGA6', ' CDH1-ERBB3', ' WNT5B-LRP6', ' WNT5B-LRP6']"
Adenohypophyseal,Trigeminal,"['MDK-SDC4', ' MDK-ITGA6', ' GPC3-IGF1R', ' CALM1-MYLK', ' CALM1-HMMR', ' GPC3-CD81', ' BSG-SLC16A1', ' GPC3-LRP2', ' CDH1-PTPRF', ' CDH1-PTPRM', ' LAMC1-DAG1', ' NECTIN3-NECTIN2', ' LAMB1-DAG1', ' FAM3C-LAMP1', ' LTBP1-ITGB5', ' CXCL12-ITGB1', ' FN1-ITGA6', ' CXCL12-SDC4', ' LAMB1-ITGA6', ' ITGB3BP-ITGB5']"
Epibranchial,Adenohypophyseal,"['MDK-NCL', ' APP-RPSA', ' PTN-NCL', ' MDK-LRP2', ' MDK-ITGA6', ' GPC3-IGF1R', ' CALM2-MYLK', ' CALM1-MYLK', ' GPC3-CD81', ' BSG-SLC16A1', ' EFNA5-EPHB1', ' GPC3-LRP2', ' APP-APLP2', ' SLIT2-ROBO1', ' SLIT2-APP', ' APP-LRP6', ' ADAM10-CADM1', ' APP-TSPAN12', ' EFNB2-EPHA4', ' FGF8-FGFR2', ' CDH1-PTPRF', ' HAS2-HMMR', ' EFNB2-EPHB1', ' SEMA3A-NRP2', ' CDH1-PTPRM', ' COL18A1-GPC4', ' CALM3-MYLK', ' LAMC1-DAG1', ' IGF2-IGF2R', ' FGF8-FGFR1', ' FN1-ITGA6', ' LAMC1-ITGA6', ' ADAM10-TSPAN5', ' JAG1-NOTCH3', ' LAMB1-ITGA6']"
Epibranchial,Epibranchial,"['MDK-NCL', ' APP-RPSA', ' MDK-SDC4', ' GPC3-IGF1R', ' MDK-ITGA6', ' DNAJB11-PRTG', ' HAPLN1-PRTG', ' CALM2-MYLK', ' GPC3-CD81', ' BSG-SLC16A1', ' SLIT2-APP', ' APP-APLP2', ' SLIT2-ROBO1', ' APP-LRP6', ' APP-TSPAN12', ' ADAM10-CADM1', ' EFNB2-EPHA4', ' FGF8-FGFR2', ' HAS2-HMMR', ' CDH1-PTPRF', ' EFNB2-EPHB2', ' LAMC1-DAG1', ' CXCL12-ITGB1', ' IGF2-IGF2R', ' FGF8-FGFR1', ' EFNA4-EPHA4', ' FN1-ITGA6', ' LAMC1-ITGA6', ' ADAM10-TSPAN12', ' JAG1-NOTCH3', ' CXCL12-SDC4', ' LAMB1-ITGA6']"
Epibranchial,Epithelial,"['APP-RPSA', ' HSPA8-LRP2', ' MDK-LRP2', ' GPC3-UNC5C', ' GPC3-LRP2', ' GPC3-IGF1R', ' HSP90B1-LRP1', ' CALM1-PTPRA', ' MDK-SDC2', ' MDK-LRP1', ' GPC3-FLT1', ' MDK-SDC4', ' DNAJB11-PRTG', ' CALM2-KCNQ5', ' HAPLN1-PRTG', ' GPC3-CD81', ' CALM1-KCNQ5', ' SLIT2-APP', ' CALM1-RYR2', ' GNAI2-IGF1R', ' APP-APLP2', ' CALR-LRP1', ' GPC3-LRP1', ' ARPC5-LRP2', ' SEMA6A-PLXNA2', ' VCAN-ITGB1', ' IGF2-IGF1R', ' PTN-SDC2', ' LAMC1-DAG1', ' IGF2-IGF2R', ' ACTR2-LRP2', ' APP-LRP6', ' CDH1-IGF1R', ' APP-LRP1', ' FBLN1-ITGB1', ' CXCL12-ITGB1', ' SLIT2-ROBO2', ' CDH1-PTPRF', ' LAMB1-DAG1', ' SEMA6A-PLXNA4', ' FGF8-FGFR2', ' FAM3C-LAMP1', ' SPTAN1-PTPRA', ' HAS2-HMMR', ' PIGF-FLT1', ' EFNB2-EPHB2', ' COL18A1-GPC4', ' CALM3-KCNQ5', ' SEMA3A-NRP1', ' SEMA3A-NRP1', ' SLIT3-ROBO2', ' CALM3-RYR2', ' FGF8-FGFR1', ' FN1-SDC2', ' TXLNA-STX3', ' SEMA3D-NRP1', ' SEMA3D-NRP1', ' FAM3C-LIFR', ' CXCL12-SDC4']"
Epibranchial,Lens,"['APP-RPSA', ' HMGB1-SDC1', ' GPC3-IGF1R', ' MDK-SDC4', ' HSP90B1-LRP1', ' MDK-LRP2', ' MDK-ITGA6', ' CALM2-MYLK', ' GPC3-CD81', ' MDK-SDC1', ' MDK-LRP1', ' MDK-NOTCH2', ' MDK-SDC2', ' BSG-SLC16A1', ' CALM1-MYLK', ' CALM2-KCNQ5', ' CALM1-KCNQ5', ' CALM2-INSR', ' SLIT2-APP', ' CALM2-PDE1C', ' GNAI2-IGF1R', ' CALM1-INSR', ' CALM1-PDE1C', ' APP-APLP2', ' GPC3-UNC5C', ' SLIT2-ROBO1', ' GPC3-LRP2', ' CALR-LRP1', ' GPC3-LRP1', ' CALR-ITGAV', ' FGF8-FGFR2', ' SLIT3-ROBO1', ' APP-LRP6', ' IGF2-IGF1R', ' LAMC1-DAG1', ' PTN-CDH10', ' ARF1-INSR', ' CDH1-IGF1R', ' SEMA6A-PLXNA2', ' APP-TSPAN12', ' SLIT2-ROBO2', ' APP-LRP1', ' CDH1-PTPRF', ' APP-NOTCH2', ' LAMB1-DAG1', ' APP-NCSTN', ' SEMA6A-PLXNA4', ' SLIT2-SDC1', ' CALM3-MYLK', ' HAS2-HMMR', ' EFNB2-EPHB2', ' SLIT3-ROBO2', ' EFNB2-EPHB1', ' CALM3-KCNQ5', ' CXCL12-ITGB1', ' COL18A1-PTPRS', ' COL18A1-GPC4', ' CDH1-PTPRM', ' HRAS-INSR', ' FN1-ITGA9', ' FGF8-FGFR1', ' LAMC1-ITGA9', ' COL18A1-ITGB5', ' LMAN1-MCFD2', ' FN1-ITGA6', ' LAMC1-ITGA6', ' COL4A6-ITGA9', ' CALM3-PDE1C', ' SEMA5A-MET', ' FN1-SDC1', ' FN1-SDC2', ' COL4A1-ITGA9', ' COL4A6-SDC1', ' FN1-ITGAV', ' COL4A6-CD47', ' LAMB1-ITGA9', ' NAMPT-INSR', ' IGF2-INSR', ' CXCL12-SDC4', ' COL4A1-SDC1', ' LAMB1-ITGA6', ' JAG1-NOTCH3', ' COL4A5-ITGA9', ' ADAM10-TSPAN14', ' JAG1-NOTCH2', ' COL4A1-CD47', ' TXLNA-STX3', ' LTBP1-ITGB5', ' ADAM10-MET', ' COL4A5-SDC1', ' CDH1-ERBB3', ' COL4A5-CD47', ' CXCL12-ITGAV', ' SPINT1-ST14']"
Epibranchial,NC,"['MDK-NCL', ' APP-RPSA', ' PTN-NCL', ' HMGB1-SDC1', ' GPC3-IGF1R', ' HSP90B1-LRP1', ' MDK-LRP1', ' MDK-SDC1', ' MDK-ITGA6', ' MDK-NOTCH2', ' GPC3-CD81', ' CALM2-INSR', ' GPC3-UNC5C', ' BSG-SLC16A1', ' SLIT2-ROBO1', ' CALR-LRP1', ' GPC3-LRP1', ' CALR-ITGAV', ' APP-APLP2', ' SLIT3-ROBO1', ' APP-LRP6', ' APP-DCC', ' SEMA6A-PLXNA4', ' ADAM10-CADM1', ' PDAP1-PDGFRB', ' APP-LRP1', ' IGF2-IGF1R', ' GNAI2-EDNRA', ' ARF1-INSR', ' APP-GPC1', ' SLIT2-DCC', ' VCAN-ITGB1', ' RTN4-TNFRSF19', ' APP-NOTCH2', ' CDH1-IGF1R', ' APP-TNFRSF21', ' HAS2-HMMR', ' SLIT2-SDC1', ' SLIT2-GPC1', ' SEMA3A-NRP2', ' SLIT2-ROBO2', ' FGF8-FGFR2', ' CXCL12-ITGB1', ' FN1-ITGA9', ' LAMC1-ITGA9', ' EFNB2-EPHB2', ' COL4A6-ITGA9', ' FGF8-FGFR1', ' COL18A1-GPC1', ' COL18A1-PTPRS', ' COL18A1-GPC4', ' COL18A1-ITGB5', ' HRAS-INSR', ' LMAN1-MCFD2', ' FN1-SDC1', ' FRAS1-ITGA8', ' SPTAN1-PTPRA', ' COL4A1-ITGA9', ' FN1-ITGA8', ' COL4A6-SDC1', ' LAMC1-ITGA6', ' LAMB1-ITGA9', ' SEMA3D-NRP2', ' PDGFA-PDGFRA', ' FN1-ITGAV', ' CDH1-PTPRM', ' COL4A5-ITGA9', ' COL4A1-SDC1', ' PDGFA-PDGFRB', ' NAMPT-INSR', ' IGF2-INSR', ' JAG1-NOTCH2', ' COL4A5-SDC1', ' LTBP1-ITGB5', ' JAG1-NOTCH3', ' CXCL12-ITGAV']"
Epibranchial,Neural plate,"['MDK-NCL', ' APP-RPSA', ' PTN-NCL', ' HMGB1-SDC1', ' YBX1-NOTCH1', ' HSPA8-LRP2', ' GPC3-IGF1R', ' MDK-LRP2', ' MDK-PTPRZ1', ' HSP90B1-LRP1', ' HSPA8-LDLR', ' EFNA5-EPHA7', ' MDK-ITGA6', ' MDK-NOTCH2', ' MDK-LRP1', ' MDK-SDC1', ' MDK-SDC2', ' DNAJB11-PRTG', ' CALM1-PTPRA', ' CALM2-MYLK', ' APP-DCC', ' EFNA5-EPHB2', ' CALM2-INSR', ' GPC3-CD81', ' CALM2-CACNA1C', ' EFNA5-EPHB1', ' SLIT2-DCC', ' GPC3-LRP2', ' CALM1-CACNA1C', ' GPC3-UNC5C', ' CALR-LRP1', ' APP-APLP2', ' GPC3-LRP1', ' CDH1-CDH2', ' SLIT2-ROBO1', ' CALR-ITGAV', ' APP-LRP6', ' PTN-PTPRZ1', ' PTN-PTPRS', ' SLIT2-ROBO2', ' ADAM10-CADM1', ' AFDN-EPHA7', ' EFNB2-EPHA4', ' IGF2-IGF1R', ' APP-NOTCH2', ' ARF1-INSR', ' APP-LRP1', ' RTN4-TNFRSF19', ' FGF8-FGFR2', ' CDH1-IGF1R', ' VCAN-ITGB1', ' SEMA6A-PLXNA2', ' APP-TSPAN12', ' EFNB2-EPHB2', ' APP-NCSTN', ' HAS2-HMMR', ' APP-TNFRSF21', ' APP-GPC1', ' SLIT3-ROBO2', ' EFNB2-EPHB1', ' SLIT2-SDC1', ' AFDN-EPHB2', ' EFNA4-EPHA7', ' FGF8-FGFR1', ' CXCL12-ITGB1', ' SLIT2-GPC1', ' COL18A1-PTPRS', ' ADAM10-TSPAN5', ' EFNA4-EPHA4', ' SEMA3A-NRP2', ' SPTAN1-PTPRA', ' FN1-ITGA6', ' HRAS-INSR', ' LAMC1-ITGA6', ' LMAN1-MCFD2', ' ADAM10-NRCAM', ' ARPC5-LDLR', ' COL18A1-GPC1', ' FN1-SDC1', ' CALM3-CACNA1C', ' FN1-SDC2', ' COL4A6-SDC1', ' COL4A6-CD47', ' JAG1-NOTCH2', ' FN1-ITGAV', ' FN1-ITGAV', ' LAMB1-ITGA6', ' LAMC1-ITGAV', ' JAG1-NOTCH3', ' NAMPT-INSR', ' IGF2-INSR', ' ADAM10-NOTCH2', ' COL4A6-ITGAV', ' COL4A1-SDC1', ' COL4A1-CD47', ' JAG1-NOTCH1', ' SEMA3D-NRP2', ' COL4A1-ITGAV', ' ADAM10-NOTCH1', ' COL4A5-SDC1', ' COL4A5-CD47', ' LAMB1-ITGAV', ' MFAP2-NOTCH1', ' CXCL12-ITGAV', ' COL4A5-ITGAV']"
Epibranchial,Olfactory,"['APP-RPSA', ' HMGB1-SDC1', ' GPC3-IGF1R', ' MDK-ITGA6', ' MDK-LRP2', ' CALM2-MYLK', ' HSP90B1-LRP1', ' MDK-SDC2', ' MDK-NOTCH2', ' MDK-SDC1', ' CALM1-MYLK', ' CALM2-KCNQ5', ' MDK-LRP1', ' GPC3-CD81', ' CALM1-KCNQ5', ' BSG-SLC16A1', ' GNAI2-IGF1R', ' CALM2-INSR', ' EFNA5-EPHB1', ' GPC3-LRP2', ' APP-APLP2', ' SLIT2-APP', ' NECTIN3-CADM1', ' SLIT2-ROBO1', ' SLIT2-ROBO2', ' CALR-LRP1', ' ADAM10-CADM1', ' CALR-ITGAV', ' GPC3-LRP1', ' APP-LRP6', ' APP-TSPAN12', ' IGF2-IGF1R', ' CDH1-PTPRM', ' SLIT3-ROBO2', ' CDH1-CDH2', ' CDH1-IGF1R', ' EFNB2-EPHA4', ' ARF1-INSR', ' APP-NOTCH2', ' GNAI2-F2R', ' APP-LRP1', ' FGF8-FGFR2', ' CDH1-PTPRF', ' HAS2-HMMR', ' EFNB2-EPHB1', ' CALM3-MYLK', ' SLIT2-SDC1', ' LAMC1-DAG1', ' COL18A1-GPC4', ' EFNB2-EPHB2', ' FN1-ITGA6', ' SEMA3A-NRP2', ' LAMC1-ITGA6', ' AFDN-EPHA7', ' CALM3-KCNQ5', ' CXCL12-ITGB1', ' LAMB1-DAG1', ' COL18A1-PTPRS', ' FGF8-FGFR1', ' HRAS-INSR', ' LMAN1-MCFD2', ' LAMB1-ITGA6', ' FN1-SDC2', ' FN1-SDC1', ' COL4A6-CD47', ' ADAM10-TSPAN12', ' COL4A6-SDC1', ' JAG1-NOTCH3', ' FN1-ITGAV', ' EFNA4-EPHA7', ' COL4A1-CD47', ' ADAM10-NRCAM', ' COL4A1-SDC1', ' NAMPT-INSR', ' IGF2-INSR', ' JAG1-NOTCH2', ' TXLNA-STX3', ' ADAM10-TSPAN14', ' COL4A5-CD47', ' SPINT1-ST14', ' COL4A5-SDC1', ' CXCL12-SDC4', ' CDH1-ERBB3', ' CDH1-LRP5', ' CXCL12-ITGAV']"
Epibranchial,Otic,"['MDK-NCL', ' APP-RPSA', ' PTN-NCL', ' EFNA5-EPHA4', ' CALM2-MYLK', ' MDK-ITGA6', ' CALM1-MYLK', ' GPC3-IGF1R', ' DNAJB11-PRTG', ' GPC3-UNC5C', ' EFNB2-EPHA4', ' GPC3-CD81', ' BSG-SLC16A1', ' SLIT2-ROBO1', ' SLIT2-APP', ' APP-APLP2', ' SLIT3-ROBO1', ' EFNA4-EPHA4', ' NECTIN3-CADM1', ' ADAM10-CADM1', ' APP-LRP6', ' APP-TSPAN12', ' CALM3-MYLK', ' SLIT2-ROBO2', ' FGF8-FGFR2', ' CDH1-CDH2', ' HAS2-HMMR', ' CDH1-PTPRF', ' CXCL12-ITGB1', ' SLIT3-ROBO2', ' FN1-ITGA6', ' LAMC1-ITGA6', ' FGF8-FGFR1', ' LAMB1-ITGA6', ' CDH1-ERBB3', ' EFNA4-EPHA7']"
Epibranchial,Trigeminal,"['APP-RPSA', ' MDK-SDC4', ' MDK-ITGA6', ' GPC3-IGF1R', ' MDK-LRP2', ' GPC3-CD81', ' CALM2-MYLK', ' BSG-SLC16A1', ' SLIT2-APP', ' APP-APLP2', ' GPC3-LRP2', ' SLIT2-ROBO1', ' PTN-SDC4', ' SLIT3-ROBO1', ' APP-LRP6', ' APP-TSPAN12', ' LAMC1-DAG1', ' FGF8-FGFR2', ' CDH1-PTPRF', ' SEMA6A-PLXNA2', ' SEMA6A-PLXNA4', ' LAMB1-DAG1', ' NECTIN3-NECTIN2', ' CDH1-PTPRM', ' EFNB2-EPHA4', ' HAS2-HMMR', ' FAM3C-LAMP1', ' EFNB2-EPHB2', ' IGF2-IGF2R', ' CXCL12-ITGB1', ' COL18A1-ITGB5', ' COL18A1-GPC4', ' FN1-ITGA6', ' LAMC1-ITGA6', ' CXCL12-SDC4', ' FGF8-FGFR1', ' JAG1-NOTCH3', ' LAMB1-ITGA6', ' ADAM10-TSPAN12', ' LTBP1-ITGB5', ' ITGB3BP-ITGB5', ' TLN1-ITGB5']"
Epithelial,Adenohypophyseal,"['MDK-NCL', ' APP-RPSA', ' GPC3-IGF1R', ' BSG-SLC16A1', ' CALM1-MYLK', ' CALM1-HMMR', ' EFNA5-EPHA4', ' GPC3-CD81', ' HAPLN1-PRTG', ' EFNA5-EPHB1', ' CALM2-MYLK', ' DNAJB11-PRTG', ' GPC3-LRP2', ' GNAI2-IGF1R', ' IGF2-IGF1R', ' APP-APLP2', ' SLIT3-ROBO1', ' NECTIN3-CADM1', ' APP-LRP6', ' IGF2-IGF2R', ' APP-TSPAN12', ' SPARC-FGFR1', ' ARPC5-LRP2', ' WNT6-LRP6', ' WNT6-LRP6', ' DLK1-NOTCH3', ' CALM3-MYLK', ' CDH1-PTPRF', ' BMP5-PTPRD', ' COL18A1-GPC4', ' CDH1-PTPRM', ' NECTIN3-NECTIN2', ' LAMC1-DAG1', ' WNT4-SMO', ' WNT4-LRP6', ' WNT4-LRP6', ' HSPG2-ITGB1', ' FAM3C-LAMP1', ' LAMB1-DAG1', ' HSPG2-DAG1', ' EFNB2-EPHB1', ' DKK1-LRP6', ' ACTR2-LRP2', ' LAMC1-ITGA6', ' IGFBP4-LRP6', ' BMP5-ACVR2B', ' BMP5-ACVR2A', ' NECTIN3-NECTIN1', ' HSPG2-LRP2', ' HSPG2-FGFR1', ' LAMB1-ITGA6', ' LAMA5-DAG1', ' LRPAP1-LRP2', ' EFNB1-EPHB1', ' BMP5-BMPR1B', ' BMP5-BMPR1B', ' LAMA5-BCAM', ' LAMA5-ITGA6', ' BMP5-BMPR2', ' BMP5-BMPR2']"
Epithelial,Epibranchial,"['APP-RPSA', ' GPC3-IGF1R', ' EFNA5-EPHA4', ' BSG-SLC16A1', ' CALM1-MYLK', ' GPC3-CD81', ' HAPLN1-PRTG', ' CALM1-HMMR', ' DNAJB11-PRTG', ' MDK-SDC4', ' CALM2-MYLK', ' EFNA5-EPHB2', ' GNAI2-IGF1R', ' IGF2-IGF1R', ' APP-APLP2', ' IGF2-IGF2R', ' SLIT3-ROBO1', ' APP-LRP6', ' SPARC-FGFR1', ' NECTIN3-CADM1', ' APP-TSPAN12', ' WNT6-LRP6', ' WNT6-LRP6', ' DLK1-NOTCH3', ' CALM3-MYLK', ' EFNB2-EPHA4', ' HSPG2-ITGB1', ' CDH1-PTPRF', ' NECTIN3-NECTIN2', ' WNT4-SMO', ' LAMC1-DAG1', ' WNT4-LRP6', ' WNT4-LRP6', ' FAM3C-LAMP1', ' LGALS1-ITGB1', ' TIMP2-ITGB1', ' LAMB1-DAG1', ' HSPG2-DAG1', ' EFNB1-EPHA4', ' DKK1-LRP6', ' HSPG2-FGFR1', ' IGFBP4-LRP6', ' LAMC1-ITGA6', ' EFNB2-EPHB2', ' BMP5-ACVR2B', ' BMP5-ACVR2B', ' LAMB1-ITGA6', ' LAMA5-DAG1', ' BMP5-ACVR2A', ' BMP5-ACVR2A', ' ADAM10-TSPAN12', ' LAMA5-BCAM', ' LAMA5-ITGA6', ' EFNB1-EPHB2', ' BMP5-BMPR2', ' BMP5-BMPR2']"
Epithelial,Epithelial,"['APP-RPSA', ' HSPA8-LRP2', ' MDK-LRP2', ' GPC3-UNC5C', ' GPC3-LRP2', ' GPC3-IGF1R', ' CALM1-PTPRA', ' GPC3-FLT1', ' GPC3-CD81', ' CALM1-KCNQ5', ' HAPLN1-PRTG', ' CALM1-HMMR', ' DNAJB11-PRTG', ' CALM1-RYR2', ' HSP90B1-LRP1', ' GNAI2-IGF1R', ' BSG-SLC16A1', ' CALM2-KCNQ5', ' ARPC5-LRP2', ' MDK-SDC2', ' MDK-LRP1', ' EFNA5-EPHB2', ' IGF2-IGF1R', ' IGF2-IGF2R', ' GPC3-LRP1', ' APP-APLP2', ' CALR-LRP1', ' ACTR2-LRP2', ' APP-LRP6', ' SLIT2-APP', ' SPARC-FGFR1', ' APP-LRP1', ' HSPG2-LRP2', ' LAMC1-DAG1', ' HSPG2-ITGB1', ' LRPAP1-LRP2', ' LAMB1-DAG1', ' HSPG2-DAG1', ' CDH1-IGF1R', ' WNT6-LRP6', ' FBLN1-ITGB1', ' LGALS1-ITGB1', ' SLIT3-ROBO2', ' CALM3-KCNQ5', ' TIMP2-ITGB1', ' FAM3C-LAMP1', ' CDH1-PTPRF', ' SPTAN1-PTPRA', ' LAMA5-DAG1', ' CALM3-RYR2', ' PDGFC-FLT1', ' COL18A1-GPC4', ' NECTIN3-NECTIN2', ' WNT4-SMO', ' WNT4-LRP6', ' LAMA5-BCAM', ' EFNB2-EPHB2', ' BMP5-PTPRD', ' DKK1-LRP6', ' HSPG2-FGFR1', ' HSPG2-LRP1', ' FN1-SDC2', ' LRPAP1-LRP1', ' FAM3C-LIFR', ' BMP5-BMPR2', ' PSAP-LRP1', ' TXLNA-STX3', ' EFNB1-EPHB2']"
Epithelial,Lens,"['APP-RPSA', ' GPC3-IGF1R', ' BSG-SLC16A1', ' GPC3-CD81', ' CALM1-MYLK', ' CALM1-KCNQ5', ' CALM1-HMMR', ' CALM2-MYLK', ' CALM1-PTPRA', ' GNAI2-IGF1R', ' HSP90B1-LRP1', ' CALM1-INSR', ' CALM1-PDE1C', ' MDK-SDC4', ' EFNA5-EPHB2', ' CALM2-KCNQ5', ' IGF2-IGF1R', ' GPC3-UNC5C', ' EFNA5-EPHB1', ' MDK-LRP1', ' MDK-SDC2', ' GPC3-LRP2', ' APP-APLP2', ' CALM2-INSR', ' GPC3-LRP1', ' CALM2-PDE1C', ' SLIT3-ROBO1', ' CALR-LRP1', ' CALR-ITGAV', ' APP-LRP6', ' ARF1-INSR', ' BMP5-PTPRD', ' SPARC-FGFR1', ' IGF2-IGF2R', ' APP-TSPAN12', ' ARPC5-LRP2', ' APP-LRP1', ' APP-NOTCH2', ' WNT6-LRP6', ' WNT6-LRP6', ' GNAI2-F2R', ' LAMC1-DAG1', ' APP-NCSTN', ' IGF2-INSR', ' LAMB1-DAG1', ' HSPG2-DAG1', ' CDH1-IGF1R', ' CALM3-MYLK', ' SLIT3-ROBO2', ' CDH1-PTPRF', ' DLK1-NOTCH3', ' CALM3-KCNQ5', ' DLK1-NOTCH2', ' WNT6-FZD8', ' LAMA5-DAG1', ' HSPG2-ITGB1', ' NECTIN3-NECTIN2', ' WNT4-SMO', ' CALM3-INSR', ' WNT4-LRP6', ' WNT4-LRP6', ' CALM3-PDE1C', ' FAM3C-LAMP1', ' COL18A1-PTPRS', ' LGALS1-ITGB1', ' TIMP2-ITGB1', ' HRAS-INSR', ' COL18A1-GPC4', ' DKK1-LRP6', ' IGFBP4-LRP6', ' CDH1-PTPRM', ' TLN1-ITGB5', ' COL18A1-ITGB5', ' LAMC1-ITGA9', ' EFNB2-EPHB2', ' LMAN1-MCFD2', ' ACTR2-LRP2', ' BMP5-ACVR2B', ' LAMC1-ITGA6', ' LAMA5-BCAM', ' LAMB1-ITGA9', ' EFNB2-EPHB1', ' WNT4-FZD8', ' VCL-ITGB5', ' FN1-ITGA9', ' HSPG2-PTPRS', ' HSPG2-FGFR1', ' HSPG2-LRP2', ' NECTIN3-NECTIN1', ' LAMB1-ITGA6', ' HSPG2-SDC1', ' HSPG2-LRP1', ' BMP5-BMPR2', ' LRPAP1-LRP2', ' TIMP3-MET', ' BMP5-ACVR2A', ' IGFBP4-FZD8', ' LRPAP1-LRP1', ' EFNB1-EPHB2', ' LAMA5-ITGA9', ' ADAM10-TSPAN14', ' LAMA5-ITGA6', ' SORBS1-INSR', ' PSAP-LRP1', ' EFNB1-EPHB1', ' SORBS1-ITGB5', ' LAMA5-SDC1', ' SPINT1-ST14', ' ADAM10-MET', ' CDH1-ERBB3']"
Epithelial,NC,"['MDK-NCL', ' APP-RPSA', ' GPC3-IGF1R', ' CALM1-HMMR', ' BSG-SLC16A1', ' CALM1-PTPRA', ' HSP90B1-LRP1', ' GPC3-CD81', ' GPC3-UNC5C', ' CALM1-INSR', ' GNAI2-IGF1R', ' MDK-LRP1', ' MDK-SDC1', ' EFNA5-EPHA7', ' EFNA5-EPHB2', ' GPC3-LRP1', ' IGF2-IGF1R', ' CALM2-INSR', ' SLIT3-ROBO1', ' CALR-LRP1', ' APP-APLP2', ' CALR-ITGAV', ' APP-LRP6', ' APP-DCC', ' GNAI2-EDNRA', ' NECTIN3-CADM1', ' SPARC-FGFR1', ' APP-LRP1', ' ARF1-INSR', ' RTN4-TNFRSF19', ' WNT6-LRP6', ' IGF2-IGF2R', ' APP-GPC1', ' APP-NOTCH2', ' WNT6-FZD3', ' GNAI2-F2R', ' APP-TNFRSF21', ' IGF2-INSR', ' WNT6-FZD7', ' CDH1-IGF1R', ' HSPG2-ITGB1', ' DLK1-NOTCH2', ' DLK1-NOTCH3', ' SLIT3-ROBO2', ' WNT4-LRP6', ' WNT4-SMO', ' LGALS1-ITGB1', ' TIMP2-ITGB1', ' WNT4-FZD3', ' CALM3-INSR', ' DKK1-LRP6', ' FAM3C-LAMP1', ' LAMC1-ITGA9', ' IGFBP4-LRP6', ' COL18A1-GPC1', ' COL18A1-PTPRS', ' HRAS-INSR', ' COL18A1-GPC4', ' TLN1-ITGB5', ' COL18A1-ITGB5', ' LAMB1-ITGA9', ' FN1-ITGA9', ' WNT4-FZD7', ' LMAN1-MCFD2', ' SPTAN1-PTPRA', ' BMP5-ACVR2B', ' HSPG2-FGFR1', ' FRAS1-ITGA8', ' VCL-ITGB5', ' LAMC1-ITGA6', ' HSPG2-LRP1', ' HSPG2-SDC1', ' HSPG2-DAG1', ' FN1-SDC1', ' BMP5-BMPR1B', ' BMP5-BMPR2', ' BMP5-BMPR2', ' CDH1-PTPRM', ' FN1-ITGA8', ' HSPG2-PTPRS', ' LAMB1-ITGA6', ' LAMA5-ITGA9', ' LRPAP1-LRP1', ' FN1-ITGAV', ' DKK1-LRP4', ' SDC2-PTPRJ', ' PSAP-LRP1', ' PDGFC-PDGFRA', ' LAMA5-SDC1', ' SORBS1-ITGB5', ' LAMA5-ITGA6', ' SORBS1-INSR', ' PDGFC-PDGFRB', ' EFNB1-EPHB2', ' BMP5-ACVR1', ' BMP5-ACVR1', ' BMP5-ACVR1']"
Epithelial,Neural plate,"['MDK-NCL', ' APP-RPSA', ' GPC3-IGF1R', ' EFNA5-EPHA7', ' EFNA5-EPHA4', ' CALM1-PTPRA', ' CALM1-HMMR', ' EFNA5-EPHB2', ' CALM1-MYLK', ' BSG-SLC16A1', ' HSPA8-LDLR', ' HAPLN1-PRTG', ' HSP90B1-LRP1', ' DNAJB11-PRTG', ' GPC3-CD81', ' APP-DCC', ' MDK-LRP2', ' GNAI2-IGF1R', ' EFNA5-EPHB1', ' MDK-PTPRZ1', ' CALM1-INSR', ' CALM1-CACNA1C', ' MDK-NOTCH2', ' GPC3-LRP2', ' MDK-LRP1', ' IGF2-IGF1R', ' CALM2-MYLK', ' GPC3-UNC5C', ' GPC3-LRP1', ' CALM2-INSR', ' CALM2-CACNA1C', ' APP-APLP2', ' CALR-LRP1', ' APP-LRP6', ' SPARC-FGFR1', ' CALR-ITGAV', ' CDH1-CDH2', ' SLIT3-ROBO1', ' NECTIN3-CADM1', ' RTN4-TNFRSF19', ' ARPC5-LRP2', ' ARF1-INSR', ' APP-NOTCH2', ' WNT6-LRP6', ' WNT6-FZD2', ' APP-LRP1', ' SLIT3-ROBO2', ' GNAI2-F2R', ' APP-TSPAN12', ' AFDN-EPHA7', ' IGF2-IGF2R', ' ADAM10-CADM1', ' APP-NCSTN', ' APP-TNFRSF21', ' APP-GPC1', ' ARPC5-LDLR', ' IGF2-INSR', ' SLIT2-DCC', ' DLK1-NOTCH2', ' CDH1-IGF1R', ' DLK1-NOTCH3', ' WNT6-FZD7', ' EFNB2-EPHA4', ' HSPG2-ITGB1', ' DLK1-NOTCH1', ' CALM3-MYLK', ' WNT4-LRP6', ' WNT4-SMO', ' WNT4-FZD2', ' AFDN-EPHB2', ' CALM3-INSR', ' LGALS1-ITGB1', ' COL18A1-PTPRS', ' TIMP2-ITGB1', ' EFNB2-EPHB2', ' DKK1-LRP6', ' CALM3-CACNA1C', ' IGFBP4-LRP6', ' ADAM10-TSPAN5', ' HSPG2-FGFR1', ' HRAS-INSR', ' EFNB1-EPHA4', ' BMP5-PTPRD', ' EFNB2-EPHB1', ' ACTR2-LRP2', ' SPTAN1-PTPRA', ' LAMB1-DAG1', ' HSPG2-DAG1', ' LAMC1-ITGA6', ' LMAN1-MCFD2', ' HSPG2-LRP2', ' HSPG2-PTPRS', ' COL18A1-GPC1', ' BMP5-ACVR2B', ' WNT4-NOTCH1', ' WNT4-FZD7', ' ADAM10-NRCAM', ' LAMB1-ITGA6', ' NECTIN3-NECTIN1', ' LRPAP1-LRP2', ' EFNB1-EPHB2', ' ACTR2-LDLR', ' TIMP3-DDR1', ' HSPG2-LRP1', ' BMP5-BMPR2', ' HSPG2-SDC1', ' LAMC1-ITGAV', ' EFNB1-EPHB1', ' DKK1-LRP4', ' BMP5-BMPR1B', ' BMP5-BMPR1B', ' LRPAP1-LRP1', ' LRPAP1-SORT1', ' LAMA5-ITGA6', ' LAMB1-ITGAV', ' BMP5-ACVR2A', ' BMP5-ACVR2A', ' PSAP-CELSR1', ' LRPAP1-LDLR', ' PSAP-LRP1', ' PSAP-SORT1', ' SORBS1-INSR', ' LRPAP1-LRP8', ' SDC2-PTPRJ', ' LAMA5-SDC1', ' ADAM10-NOTCH1', ' BMP5-ACVR1', ' BMP5-ACVR1', ' BMP5-ACVR1', ' LAMA5-ITGAV']"
Epithelial,Olfactory,"['APP-RPSA', ' GPC3-IGF1R', ' CALM1-MYLK', ' BSG-SLC16A1', ' EFNA5-EPHA4', ' CALM1-KCNQ5', ' CALM1-HMMR', ' GPC3-CD81', ' MDK-ITGA6', ' CALM2-MYLK', ' CALM1-PTPRA', ' GNAI2-IGF1R', ' EFNA5-EPHB1', ' EFNA5-EPHA7', ' CALM1-INSR', ' HSP90B1-LRP1', ' CALM2-KCNQ5', ' EFNA5-EPHB2', ' IGF2-IGF1R', ' MDK-SDC2', ' GPC3-LRP2', ' CALM2-INSR', ' APP-APLP2', ' GPC3-LRP1', ' NECTIN3-CADM1', ' SLIT3-ROBO1', ' SLIT3-ROBO2', ' CALR-LRP1', ' APP-LRP6', ' CALR-ITGAV', ' APP-TSPAN12', ' ADAM10-CADM1', ' IGF2-IGF2R', ' GNAI2-F2R', ' SPARC-FGFR1', ' ARF1-INSR', ' ARPC5-LRP2', ' WNT6-LRP6', ' WNT6-LRP6', ' APP-NOTCH2', ' APP-LRP1', ' CDH1-PTPRM', ' CDH1-CDH2', ' CALM3-MYLK', ' CDH1-IGF1R', ' IGF2-INSR', ' DLK1-NOTCH3', ' WNT6-FZD8', ' CALM3-KCNQ5', ' DLK1-NOTCH2', ' WNT6-LRP5', ' WNT6-LRP5', ' WNT6-LRP5', ' BMP5-PTPRD', ' CDH1-PTPRF', ' EFNB2-EPHA4', ' SLIT2-ROBO2', ' HSPG2-ITGB1', ' COL18A1-GPC4', ' WNT4-SMO', ' WNT4-LRP6', ' WNT4-LRP6', ' LAMC1-DAG1', ' LAMC1-ITGA6', ' CALM3-INSR', ' LAMB1-DAG1', ' HSPG2-DAG1', ' NECTIN3-NECTIN2', ' AFDN-EPHA7', ' BMP5-BMPR1A', ' LGALS1-ITGB1', ' TIMP2-ITGB1', ' DKK1-LRP6', ' EFNB2-EPHB1', ' LAMB1-ITGA6', ' IGFBP4-LRP6', ' FN1-ITGA6', ' COL18A1-PTPRS', ' HRAS-INSR', ' BMP5-ACVR2B', ' EFNB1-EPHA4', ' EFNB2-EPHB2', ' LMAN1-MCFD2', ' WNT4-FZD8', ' ACTR2-LRP2', ' LAMA5-DAG1', ' NECTIN3-NECTIN1', ' WNT4-LRP5', ' WNT4-LRP5', ' WNT4-LRP5', ' HSPG2-LRP2', ' HSPG2-FGFR1', ' BMP5-BMPR1B', ' BMP5-BMPR1B', ' LAMA5-ITGA6', ' HSPG2-PTPRS', ' ADAM10-TSPAN12', ' IGFBP4-FZD8', ' BMP5-BMPR2', ' BMP5-BMPR2', ' EFNB1-EPHB1', ' LRPAP1-LRP2', ' HSPG2-SDC1', ' DKK1-LRP5', ' HSPG2-LRP1', ' ADAM10-NRCAM', ' EFNB1-EPHB2', ' LRPAP1-SORT1', ' LAMA5-BCAM', ' SPINT1-ST14', ' LRPAP1-LRP1', ' PSAP-SORT1', ' SORBS1-INSR', ' LAMA5-SDC1', ' BMP5-ACVR1', ' BMP5-ACVR1', ' BMP5-ACVR1', ' PSAP-LRP1', ' CDH1-ERBB3', ' CDH1-LRP5']"
Epithelial,Otic,"['MDK-NCL', ' APP-RPSA', ' EFNA5-EPHA4', ' CALM1-MYLK', ' GPC3-IGF1R', ' BSG-SLC16A1', ' CALM2-MYLK', ' GPC3-UNC5C', ' GPC3-CD81', ' CALM1-HMMR', ' HAPLN1-PRTG', ' CALM1-PTPRA', ' DNAJB11-PRTG', ' EFNA5-EPHA7', ' GNAI2-IGF1R', ' SLIT3-ROBO1', ' APP-APLP2', ' IGF2-IGF1R', ' EFNB2-EPHA4', ' NECTIN3-CADM1', ' APP-LRP6', ' EFNB1-EPHA4', ' IGF2-IGF2R', ' SPARC-FGFR1', ' APP-TSPAN12', ' CALM3-MYLK', ' ADAM10-CADM1', ' WNT6-LRP6', ' WNT6-LRP6', ' SLIT3-ROBO2', ' CDH1-CDH2', ' HSPG2-ITGB1', ' CDH1-PTPRF', ' WNT4-LRP6', ' WNT4-LRP6', ' FAM3C-LAMP1', ' WNT4-SMO', ' LAMC1-DAG1', ' LGALS1-ITGB1', ' TIMP2-ITGB1', ' DKK1-LRP6', ' LAMB1-DAG1', ' HSPG2-DAG1', ' LAMC1-ITGA6', ' IGFBP4-LRP6', ' BMP5-ACVR2B', ' BMP5-ACVR2B', ' LAMB1-ITGA6', ' HSPG2-FGFR1', ' BMP5-ACVR2A', ' BMP5-ACVR2A', ' CDH1-ERBB3', ' LAMA5-ITGA6', ' BMP5-BMPR2', ' BMP5-BMPR2', ' LAMA5-BCAM']"
Epithelial,Trigeminal,"['APP-RPSA', ' GPC3-IGF1R', ' BSG-SLC16A1', ' MDK-SDC4', ' GPC3-CD81', ' CALM1-MYLK', ' CALM1-HMMR', ' CALM1-PTPRA', ' EFNA5-EPHA4', ' HAPLN1-PRTG', ' EFNA5-EPHB2', ' DNAJB11-PRTG', ' CALM2-MYLK', ' GNAI2-IGF1R', ' GPC3-LRP2', ' APP-APLP2', ' IGF2-IGF1R', ' IGF2-IGF2R', ' SLIT3-ROBO1', ' APP-LRP6', ' APP-TSPAN12', ' SPARC-FGFR1', ' ARPC5-LRP2', ' LAMC1-DAG1', ' WNT6-LRP6', ' WNT6-LRP6', ' DLK1-NOTCH3', ' LAMB1-DAG1', ' HSPG2-DAG1', ' NECTIN3-NECTIN2', ' CDH1-PTPRF', ' BMP5-PTPRD', ' FAM3C-LAMP1', ' CALM3-MYLK', ' CDH1-PTPRM', ' HSPG2-ITGB1', ' LAMA5-DAG1', ' WNT4-SMO', ' WNT4-LRP6', ' WNT4-LRP6', ' TLN1-ITGB5', ' COL18A1-ITGB5', ' LGALS1-ITGB1', ' COL18A1-GPC4', ' TIMP2-ITGB1', ' LAMA5-BCAM', ' LAMC1-ITGA6', ' VCL-ITGB5', ' EFNB2-EPHB2', ' DKK1-LRP6', ' IGFBP4-LRP6', ' LAMB1-ITGA6', ' ACTR2-LRP2', ' HSPG2-FGFR1', ' BMP5-ACVR2B', ' HSPG2-LRP2', ' ADAM10-TSPAN12', ' LRPAP1-LRP2', ' LAMA5-ITGA6', ' SORBS1-ITGB5', ' EFNB1-EPHB2', ' BMP5-BMPR2', ' BMP5-ACVR2A']"
Lens,Adenohypophyseal,"['MDK-NCL', ' APP-RPSA', ' MDK-LRP2', ' MDK-ITGA6', ' GPC3-IGF1R', ' EFNA5-EPHA4', ' HAPLN1-PRTG', ' EFNA5-EPHB1', ' GPC3-CD81', ' CALM1-MYLK', ' CALM1-HMMR', ' CALM2-MYLK', ' GPC3-LRP2', ' BSG-SLC16A1', ' SEMA3A-NRP2', ' APP-APLP2', ' APP-LRP6', ' APP-TSPAN12', ' CDH1-PTPRF', ' SOSTDC1-LRP6', ' CDH1-IGF1R', ' CDH1-PTPRM', ' FN1-ITGA6', ' BMP7-PTPRK', ' CALM3-MYLK', ' COL18A1-GPC4', ' NRG1-LGR4', ' NECTIN3-NECTIN2', ' IGF2-IGF2R', ' NRG1-LSR', ' HSPG2-DAG1', ' MAML2-NOTCH3', ' EFNB2-EPHB1', ' BMP4-ACVR2B', ' BMP4-ACVR2A', ' WNT4-SMO', ' SEMA3E-NRP2', ' BMP7-ACVR2B', ' WNT4-LRP6', ' WNT4-LRP6', ' BMP7-ACVR2A', ' HSPG2-LRP2', ' HSPG2-FGFR1', ' BMP4-LRP6', ' LAMB1-ITGA6', ' BMP4-BMPR1B', ' BMP4-BMPR1B', ' BMP7-ACTR2', ' EFNB1-EPHB1', ' AGRN-LRP2', ' APOE-LSR', ' BMP4-BMPR2', ' BMP4-BMPR2', ' LAMA5-BCAM', ' LAMA5-ITGA6', ' BMP7-BMPR2', ' BMP7-BMPR2']"
Lens,Epibranchial,"['MDK-NCL', ' APP-RPSA', ' EFNA5-EPHA4', ' GPC3-IGF1R', ' MDK-SDC4', ' HAPLN1-PRTG', ' MDK-ITGA6', ' GPC3-CD81', ' EFNA5-EPHB2', ' CALM1-MYLK', ' CALM2-MYLK', ' APP-APLP2', ' SLIT2-APP', ' APP-LRP6', ' APP-TSPAN12', ' CDH1-IGF1R', ' SOSTDC1-LRP6', ' CDH1-PTPRF', ' IGF2-IGF1R', ' FN1-ITGA6', ' BMP7-PTPRK', ' CALM3-MYLK', ' HSPG2-ITGB1', ' IGF2-IGF2R', ' NRG1-LGR4', ' ANGPT1-ITGB1', ' AFDN-EPHB2', ' NECTIN3-NECTIN2', ' AGRN-ITGB1', ' LGALS1-ITGB1', ' CXCL12-ITGB1', ' NRG1-LSR', ' EFNA4-EPHA4', ' MAML2-NOTCH3', ' HSPG2-DAG1', ' BMP4-ACVR2B', ' BMP4-ACVR2B', ' EFNB1-EPHA4', ' WNT4-SMO', ' EFNA2-EPHA4', ' WNT4-LRP6', ' WNT4-LRP6', ' BMP7-ACVR2B', ' BMP7-ACVR2B', ' HSPG2-FGFR1', ' BMP4-LRP6', ' BMP4-ACVR2A', ' BMP4-ACVR2A', ' ADAM10-TSPAN12', ' WNT5B-LRP6', ' WNT5B-LRP6', ' LAMB1-ITGA6', ' CCN1-SDC4', ' BMP7-ACVR2A', ' BMP7-ACVR2A', ' APOE-LSR', ' CXCL12-SDC4', ' LAMA5-BCAM', ' BMP4-BMPR2', ' BMP4-BMPR2', ' LAMA5-ITGA6', ' BMP7-BMPR2', ' BMP7-BMPR2', ' EFNB1-EPHB2']"
Lens,Epithelial,"['APP-RPSA', ' MDK-LRP2', ' HSPA8-LRP2', ' GPC3-UNC5C', ' GPC3-LRP2', ' GPC3-IGF1R', ' HAPLN1-PRTG', ' MDK-SDC2', ' MDK-LRP1', ' GPC3-FLT1', ' MDK-SDC4', ' GPC3-CD81', ' CALM1-PTPRA', ' EFNA5-EPHB2', ' CALM1-KCNQ5', ' CALM1-HMMR', ' CALM2-KCNQ5', ' CALM1-RYR2', ' GPC3-LRP1', ' APP-APLP2', ' SLIT2-APP', ' SEMA3A-NRP1', ' SEMA3A-NRP1', ' PDGFC-FLT1', ' ARPC5-LRP2', ' CDH1-IGF1R', ' IGF2-IGF1R', ' APP-LRP6', ' CDH1-PTPRF', ' IGF2-IGF2R', ' APP-LRP1', ' ACTR2-LRP2', ' HSPG2-LRP2', ' HSPG2-ITGB1', ' FBLN1-ITGB1', ' SEMA6A-PLXNA2', ' LRPAP1-LRP2', ' AGRN-LRP2', ' ANGPT1-ITGB1', ' VCAN-ITGB1', ' FN1-SDC2', ' APOE-LRP2', ' HSPG2-DAG1', ' SOSTDC1-LRP6', ' LAMB1-DAG1', ' AGRN-ITGB1', ' LGALS1-ITGB1', ' CXCL12-ITGB1', ' ADAM17-ITGB1', ' JAM3-ITGB1', ' LAMC1-DAG1', ' AGRN-DAG1', ' CALM3-KCNQ5', ' LAMA5-DAG1', ' FAM3C-LAMP1', ' COL18A1-GPC4', ' SPTAN1-PTPRA', ' ARF6-SMAP1', ' PIGF-FLT1', ' CALM3-RYR2', ' SLIT2-ROBO2', ' AFDN-EPHB2', ' NECTIN3-NECTIN2', ' SEMA6A-PLXNA4', ' NRG1-LSR', ' LAMA5-BCAM', ' BMP7-ACTR2', ' WNT4-SMO', ' WNT4-LRP6', ' HSPG2-FGFR1', ' SEMA3E-NRP1', ' HSPG2-LRP1', ' APOE-LSR', ' BMP4-BMPR2', ' SEMA3C-NRP1', ' SEMA3C-NRP1', ' BMP4-LRP6', ' PSAP-LRP1', ' TXLNA-STX3', ' BMP7-BMPR2', ' LRPAP1-LRP1', ' AGRN-LRP1', ' SERPINE2-LRP1', ' CCN1-SDC4', ' VEGFB-NRP1', ' FAM3C-LIFR', ' APOE-SDC2', ' SEMA3D-NRP1', ' SEMA3D-NRP1', ' APOE-LRP1', ' EFNB1-EPHB2', ' CXCL12-SDC4']"
Lens,Lens,"['APP-RPSA', ' GPC3-IGF1R', ' MDK-SDC4', ' MDK-LRP2', ' GPC3-CD81', ' MDK-ITGA6', ' MDK-SDC1', ' MDK-LRP1', ' MDK-NOTCH2', ' MDK-SDC2', ' EFNA5-EPHB2', ' EFNA5-EPHB1', ' CALM1-MYLK', ' HAPLN1-PRTG', ' CALM2-MYLK', ' CALM1-KCNQ5', ' BSG-SLC16A1', ' GPC3-UNC5C', ' CALM2-KCNQ5', ' GPC3-LRP2', ' CALM1-INSR', ' GPC3-LRP1', ' CALM1-PDE1C', ' APP-APLP2', ' CALM2-INSR', ' CALM2-PDE1C', ' SLIT2-APP', ' APP-LRP6', ' SLIT2-ROBO1', ' CDH1-IGF1R', ' CDH1-PTPRF', ' IGF2-IGF1R', ' ARF1-INSR', ' SLIT3-ROBO1', ' BMP7-PTPRK', ' APP-TSPAN12', ' SOSTDC1-LRP6', ' APP-LRP1', ' APP-NOTCH2', ' APP-NCSTN', ' FN1-ITGA9', ' FN1-ITGA6', ' HSPG2-DAG1', ' LAMB1-DAG1', ' FN1-SDC1', ' CALM3-MYLK', ' FN1-SDC2', ' LAMC1-DAG1', ' AGRN-DAG1', ' FN1-ITGAV', ' LAMA5-DAG1', ' CDH1-PTPRM', ' CALM3-KCNQ5', ' SEMA6A-PLXNA2', ' SLIT2-ROBO2', ' HSPG2-ITGB1', ' COL18A1-PTPRS', ' AFDN-EPHB2', ' COL18A1-GPC4', ' NECTIN3-NECTIN2', ' ANGPT1-ITGB1', ' SLIT3-ROBO2', ' CALM3-INSR', ' SEMA5A-MET', ' LGALS1-ITGB1', ' COL18A1-ITGB5', ' CXCL12-ITGB1', ' CALM3-PDE1C', ' SEMA6A-PLXNA4', ' SLIT2-SDC1', ' NRG1-LSR', ' HRAS-INSR', ' WNT4-SMO', ' BMP4-ACVR2B', ' WNT4-LRP6', ' WNT4-LRP6', ' NRG1-LGR4', ' MAML2-NOTCH3', ' WNT6-LRP6', ' WNT6-LRP6', ' LAMA5-BCAM', ' MAML2-NOTCH2', ' BMP7-ACVR2B', ' COL4A1-ITGA9', ' NRG1-NETO2', ' BMP4-LRP6', ' COL2A1-ITGA9', ' WNT5B-LRP6', ' WNT5B-LRP6', ' IGF2-INSR', ' CDH1-ERBB3', ' EFNB2-EPHB1', ' BMP4-BMPR2', ' LAMB1-ITGA9', ' HSPG2-PTPRS', ' COL4A2-ITGA9', ' VCL-ITGB5', ' COL4A1-SDC1', ' APOE-LRP6', ' HSPG2-FGFR1', ' HSPG2-LRP2', ' LTBP1-ITGB5', ' LAMB1-ITGA6', ' BMP4-ACVR2A', ' COL4A1-CD47', ' BMP7-BMPR2', ' CCN1-SDC4', ' COL2A1-SDC1', ' BMP7-ACTR2', ' CGN-TGFBR1', ' LAMC1-ITGA9', ' APOE-LSR', ' CXCL12-SDC4', ' BMP7-ACVR2A', ' HSPG2-SDC1', ' HSPG2-LRP1', ' MFGE8-ITGB5', ' ADAM10-TSPAN14', ' COL4A2-SDC1', ' LAMA5-ITGA9', ' COL4A2-ITGB5', ' BMP4-BMPR1B', ' BMP4-BMPR1B', ' BMP4-BMPR1B', ' WNT4-FZD8', ' EFNB1-EPHB2', ' MFGE8-ITGAV', ' ITGB3BP-ITGB5', ' PSAP-LRP1', ' LAMA5-ITGA6', ' WNT6-FZD8', ' IGFBP4-FZD8', ' CCN1-ITGB5', ' COL4A5-ITGA9', ' LRPAP1-LRP1', ' SORBS1-INSR', ' AGRN-LRP1', ' ADAM10-MET', ' SERPINE2-LRP1', ' LAMA5-SDC1', ' SPINT1-ST14', ' CCN1-ITGAV', ' EFNB1-EPHB1', ' SORBS1-ITGB5', ' APOE-LRP1', ' WNT5B-FZD8', ' APOE-SDC2', ' ADAM17-MET', ' CXCL12-ITGAV', ' COL4A5-CD47']"
Lens,NC,"['MDK-NCL', ' APP-RPSA', ' GPC3-IGF1R', ' MDK-LRP1', ' MDK-SDC1', ' MDK-ITGA6', ' MDK-NOTCH2', ' EFNA5-EPHA4', ' HAPLN1-PRTG', ' EFNA5-EPHA7', ' GPC3-CD81', ' EFNA5-EPHB2', ' GPC3-UNC5C', ' CALM1-HMMR', ' CALM1-PTPRA', ' GPC3-LRP1', ' CALM1-INSR', ' CALM2-INSR', ' SEMA3A-NRP2', ' APP-APLP2', ' APP-LRP6', ' SLIT2-ROBO1', ' APP-DCC', ' SLIT3-ROBO1', ' CDH1-IGF1R', ' APP-LRP1', ' SOSTDC1-LRP6', ' ARF1-INSR', ' APP-GPC1', ' FN1-ITGA9', ' IGF2-IGF1R', ' APP-NOTCH2', ' APP-TNFRSF21', ' RTN4-TNFRSF19', ' GNAI2-EDNRA', ' FN1-SDC1', ' FN1-ITGA8', ' FN1-ITGA6', ' PDGFC-PDGFRA', ' SEMA6A-PLXNA4', ' FN1-ITGAV', ' CDH1-CDH2', ' HSPG2-ITGB1', ' SOSTDC1-LRP4', ' FBLN1-ITGB1', ' PDGFC-PDGFRB', ' SLIT2-DCC', ' ANGPT1-ITGB1', ' AGRN-ITGB1', ' LGALS1-ITGB1', ' CXCL12-ITGB1', ' ADAM17-ITGB1', ' PDGFA-PDGFRA', ' COL18A1-GPC1', ' COL18A1-PTPRS', ' CDH1-PTPRM', ' SLIT2-SDC1', ' COL18A1-GPC4', ' COL18A1-ITGB5', ' SLIT2-GPC1', ' CALM3-INSR', ' PDGFA-PDGFRB', ' WNT4-LRP6', ' COL4A1-ITGA9', ' WNT6-LRP6', ' IGFBP4-LRP6', ' WNT4-SMO', ' HRAS-INSR', ' COL2A1-ITGA9', ' BMP4-ACVR2B', ' WNT4-FZD3', ' LAMB1-ITGA9', ' NPNT-ITGA8', ' BMP4-LRP6', ' SEMA3E-NRP2', ' WNT5B-LRP6', ' COL4A2-ITGA9', ' BMP7-ACVR2B', ' MAML2-NOTCH2', ' NRG1-GPC1', ' NRG1-NETO2', ' MAML2-NOTCH3', ' BMP4-BMPR1B', ' SEMA3C-NRP2', ' COL4A1-SDC1', ' BMP4-BMPR2', ' BMP4-BMPR2', ' APOE-LRP6', ' HSPG2-FGFR1', ' LAMC1-ITGA9', ' COL2A1-SDC1', ' BMP7-ACTR2', ' BMP7-BMPR1B', ' VCL-ITGB5', ' BMP7-BMPR2', ' BMP7-BMPR2', ' LAMA5-ITGA9', ' NRG1-LGR4', ' HSPG2-LRP1', ' LTBP1-ITGB5', ' IGF2-INSR', ' HSPG2-SDC1', ' SEMA3D-NRP2', ' CGN-TGFBR1', ' COL4A2-SDC1', ' WNT4-FZD7', ' HSPG2-PTPRS', ' WNT6-FZD7', ' COL4A5-ITGA9', ' PSAP-LRP1', ' MFGE8-ITGB5', ' MFGE8-ITGAV', ' COL4A2-ITGB5', ' LRPAP1-LRP1', ' AGRN-LRP1', ' SERPINE2-LRP1', ' SDC2-PTPRJ', ' ITGB3BP-ITGB5', ' LAMA5-SDC1', ' MFGE8-PDGFRB', ' WNT5B-FZD7', ' APOE-LRP1', ' CCN1-ITGB5', ' CCN1-ITGAV', ' BMP4-ACVR2A', ' BMP4-ACVR2A', ' COL4A5-SDC1', ' SORBS1-ITGB5', ' CXCL12-ITGAV', ' SORBS1-INSR', ' AGRN-LRP4', ' BMP7-ACVR1', ' BMP7-ACVR1', ' BMP7-ACVR1', ' APOE-LRP4']"
Lens,Neural plate,"['MDK-NCL', ' APP-RPSA', ' EFNA5-EPHA7', ' GPC3-IGF1R', ' EFNA5-EPHA4', ' MDK-LRP2', ' MDK-PTPRZ1', ' MDK-ITGA6', ' MDK-NOTCH2', ' HAPLN1-PRTG', ' EFNA5-EPHB2', ' MDK-LRP1', ' MDK-SDC1', ' MDK-SDC2', ' EFNA5-EPHB1', ' GPC3-CD81', ' CALM1-PTPRA', ' CALM1-HMMR', ' APP-DCC', ' GPC3-LRP2', ' GPC3-UNC5C', ' GPC3-LRP1', ' CALM1-INSR', ' CALM1-CACNA1C', ' CDH1-CDH2', ' CALM2-INSR', ' CALM2-CACNA1C', ' APP-APLP2', ' SLIT2-DCC', ' SEMA3A-NRP2', ' APP-LRP6', ' CDH1-IGF1R', ' AFDN-EPHA7', ' APP-NOTCH2', ' SOSTDC1-LRP6', ' ARF1-INSR', ' IGF2-IGF1R', ' APP-LRP1', ' APP-TSPAN12', ' RTN4-TNFRSF19', ' APP-NCSTN', ' APP-TNFRSF21', ' APP-GPC1', ' FN1-ITGA6', ' SLIT2-ROBO2', ' FN1-SDC1', ' FN1-SDC2', ' AFDN-EPHB2', ' EFNB2-EPHA4', ' SOSTDC1-LRP4', ' FN1-ITGAV', ' FN1-ITGAV', ' HSPG2-ITGB1', ' SLIT3-ROBO2', ' EFNA4-EPHA7', ' COL18A1-PTPRS', ' CDH1-PTPRF', ' ANGPT1-ITGB1', ' SEMA6A-PLXNA2', ' AGRN-ITGB1', ' LGALS1-ITGB1', ' CXCL12-ITGB1', ' EFNA2-EPHA7', ' ADAM17-ITGB1', ' ADAM17-ERBB4', ' ADAM10-TSPAN5', ' EFNA4-EPHA4', ' EFNB2-EPHB2', ' CALM3-INSR', ' WNT4-LRP6', ' WNT4-SMO', ' EFNB1-EPHA4', ' WNT6-LRP6', ' WNT4-FZD2', ' NRG1-NETO2', ' MAML2-NOTCH2', ' SPARC-FGFR1', ' IGFBP4-LRP6', ' CALM3-CACNA1C', ' HRAS-INSR', ' MAML2-NOTCH3', ' COL18A1-GPC1', ' HSPG2-FGFR1', ' NRG1-LGR4', ' EFNA2-EPHA4', ' EFNB2-EPHB1', ' BMP4-ACVR2B', ' ARPC5-LDLR', ' CDH1-PTPRM', ' BMP4-LRP6', ' SLIT2-GPC1', ' WNT5B-LRP6', ' ADAM10-NRCAM', ' SPTAN1-PTPRA', ' HSPG2-DAG1', ' BMP7-ACVR2B', ' CGN-TGFBR1', ' MAML2-NOTCH1', ' HSPG2-LRP2', ' APOE-LRP6', ' HSPG2-PTPRS', ' NRG1-LSR', ' BMP4-BMPR2', ' BMP7-ACTR2', ' EFNB1-EPHB2', ' LAMB1-ITGA6', ' NRG1-ADGRL1', ' IGF2-INSR', ' COL2A1-DDR1', ' BMP7-BMPR2', ' NRG1-GPC1', ' COL4A1-SDC1', ' LRPAP1-LRP2', ' COL4A1-CD47', ' AGRN-LRP2', ' BMP4-BMPR1B', ' BMP4-BMPR1B', ' COL2A1-SDC1', ' HSPG2-LRP1', ' APOE-LRP2', ' ACTR2-LDLR', ' BMP4-ACVR2A', ' BMP4-ACVR2A', ' SEMA3E-NRP2', ' EFNB1-EPHB1', ' MFAP2-NOTCH1', ' HSPG2-SDC1', ' WNT4-NOTCH1', ' WNT4-FZD7', ' COL4A1-ITGAV', ' LAMA5-ITGA6', ' COL4A2-SDC1', ' PSAP-CELSR1', ' PSAP-LRP1', ' WNT6-FZD7', ' BMP7-ACVR2A', ' BMP7-ACVR2A', ' SEMA3C-NRP2', ' COL2A1-ITGAV', ' PSAP-SORT1', ' LRPAP1-LRP1', ' AGRN-LRP1', ' SERPINE2-LRP1', ' NRXN3-NLGN2', ' MFGE8-ITGAV', ' LRPAP1-SORT1', ' LAMB1-ITGAV', ' ADAM10-NOTCH1', ' APOE-LRP1', ' COL4A2-ITGAV', ' SORBS1-INSR', ' WNT5B-FZD7', ' LRPAP1-LDLR', ' LAMA5-SDC1', ' SEMA3D-NRP2', ' BMP4-RGMB', ' ADAM17-NOTCH1', ' CCN1-ITGAV', ' APOE-LDLR', ' SDC2-PTPRJ', ' BMP7-ACVR1', ' BMP7-ACVR1', ' BMP7-ACVR1', ' LRPAP1-LRP8', ' AGRN-LRP4', ' NTF3-NTRK3', ' APOE-SDC2', ' COL4A5-CD47', ' CXCL12-ITGAV', ' APOE-LRP4', ' APOE-LRP8', ' LAMA5-ITGAV']"
Lens,Olfactory,"['MDK-NCL', ' APP-RPSA', ' GPC3-IGF1R', ' MDK-ITGA6', ' EFNA5-EPHA4', ' MDK-LRP2', ' MDK-SDC2', ' MDK-NOTCH2', ' EFNA5-EPHB1', ' MDK-SDC1', ' EFNA5-EPHA7', ' MDK-SDC4', ' MDK-LRP1', ' EFNA5-EPHB2', ' GPC3-CD81', ' CALM1-MYLK', ' HAPLN1-PRTG', ' CALM2-MYLK', ' CALM1-KCNQ5', ' CALM1-HMMR', ' CALM2-KCNQ5', ' GPC3-LRP2', ' CALM1-INSR', ' BSG-SLC16A1', ' GPC3-LRP1', ' APP-APLP2', ' SEMA3A-NRP2', ' NECTIN3-CADM1', ' APP-LRP6', ' ADAM10-CADM1', ' CDH1-PTPRM', ' APP-TSPAN12', ' CDH1-CDH2', ' CDH1-IGF1R', ' IGF2-IGF1R', ' SLIT2-ROBO2', ' FN1-ITGA6', ' ARF1-INSR', ' SOSTDC1-LRP6', ' BMP7-PTPRK', ' APP-NOTCH2', ' CDH1-PTPRF', ' SLIT3-ROBO2', ' NRG1-LGR4', ' APP-LRP1', ' CALM3-MYLK', ' FN1-SDC2', ' FN1-SDC1', ' COL18A1-GPC4', ' FN1-ITGAV', ' SOSTDC1-LRP5', ' CALM3-KCNQ5', ' AFDN-EPHA7', ' HSPG2-ITGB1', ' AFDN-EPHB2', ' BMP4-BMPR1A', ' ANGPT1-ITGB1', ' COL18A1-PTPRS', ' BMP7-BMPR1A', ' LGALS1-ITGB1', ' CXCL12-ITGB1', ' HSPG2-DAG1', ' LAMB1-DAG1', ' CALM3-INSR', ' BMP4-ACVR2B', ' MAML2-NOTCH3', ' NRG1-LSR', ' WNT4-SMO', ' WNT4-LRP6', ' WNT4-LRP6', ' EFNB2-EPHB1', ' LAMB1-ITGA6', ' WNT6-LRP6', ' WNT6-LRP6', ' BMP7-ACVR2B', ' IGFBP4-LRP6', ' HRAS-INSR', ' AGRN-DAG1', ' EFNB1-EPHA4', ' MAML2-NOTCH2', ' LAMA5-DAG1', ' BMP4-LRP6', ' LAMC1-ITGA6', ' WNT5B-LRP6', ' WNT5B-LRP6', ' BMP4-BMPR1B', ' BMP4-BMPR1B', ' NRG1-NETO2', ' LAMA5-ITGA6', ' ADAM10-TSPAN12', ' BMP7-BMPR1B', ' BMP7-BMPR1B', ' APOE-LRP6', ' COL4A1-CD47', ' BMP4-BMPR2', ' BMP4-BMPR2', ' CDH1-ERBB3', ' CDH1-LRP5', ' SEMA3E-NRP2', ' HSPG2-LRP2', ' HSPG2-FGFR1', ' NRG1-ADGRL1', ' BMP7-ACTR2', ' COL4A1-SDC1', ' EFNA4-EPHA7', ' IGF2-INSR', ' BMP7-BMPR2', ' BMP7-BMPR2', ' CGN-TGFBR1', ' EFNB1-EPHB1', ' COL2A1-SDC1', ' WNT4-FZD8', ' HSPG2-PTPRS', ' ADAM10-NRCAM', ' WNT6-FZD8', ' APOE-LSR', ' IGFBP4-FZD8', ' HSPG2-SDC1', ' EFNA2-EPHA7', ' COL4A2-SDC1', ' WNT4-LRP5', ' WNT4-LRP5', ' WNT4-LRP5', ' EFNB1-EPHB2', ' LAMA5-BCAM', ' WNT6-LRP5', ' WNT6-LRP5', ' WNT6-LRP5', ' WNT5B-FZD8', ' HSPG2-LRP1', ' SPINT1-ST14', ' MFGE8-ITGAV', ' PSAP-SORT1', ' LRPAP1-SORT1', ' APOE-SDC2', ' LAMA5-SDC1', ' CCN1-SDC4', ' PSAP-LRP1', ' SORBS1-INSR', ' COL4A5-CD47', ' CCN1-ITGAV', ' WNT5B-LRP5', ' WNT5B-LRP5', ' WNT5B-LRP5', ' BMP7-ACVR1', ' BMP7-ACVR1', ' BMP7-ACVR1', ' SERPINE2-LRP1', ' CXCL12-ITGAV', ' APOE-LRP5', ' APOE-SCARB1', ' CGN-OCLN']"
Lens,Otic,"['MDK-NCL', ' APP-RPSA', ' EFNA5-EPHA4', ' MDK-ITGA6', ' GPC3-IGF1R', ' HAPLN1-PRTG', ' CALM1-MYLK', ' GPC3-UNC5C', ' EFNA5-EPHA7', ' GPC3-CD81', ' CALM2-MYLK', ' BSG-SLC16A1', ' APP-APLP2', ' SLIT2-ROBO1', ' EFNB2-EPHA4', ' SLIT3-ROBO1', ' EFNA4-EPHA4', ' SLIT2-APP', ' NECTIN3-CADM1', ' EFNB1-EPHA4', ' APP-LRP6', ' EFNA2-EPHA4', ' ADAM10-CADM1', ' APP-TSPAN12', ' CDH1-CDH2', ' SOSTDC1-LRP6', ' CALM3-MYLK', ' CDH1-IGF1R', ' FN1-ITGA6', ' CDH1-PTPRF', ' BMP7-PTPRK', ' NRG1-LGR4', ' HSPG2-ITGB1', ' AFDN-EPHA7', ' ANGPT1-ITGB1', ' NRG1-LSR', ' LGALS1-ITGB1', ' CXCL12-ITGB1', ' BMP4-ACVR2B', ' BMP4-ACVR2B', ' CDH1-ERBB3', ' BMP7-ACVR2B', ' BMP7-ACVR2B', ' CDH1-PTPRM', ' WNT4-LRP6', ' WNT4-LRP6', ' HSPG2-DAG1', ' WNT4-SMO', ' BMP4-ACVR2A', ' BMP4-ACVR2A', ' BMP4-LRP6', ' WNT5B-LRP6', ' WNT5B-LRP6', ' LAMB1-ITGA6', ' BMP7-ACVR2A', ' BMP7-ACVR2A', ' APOE-LSR', ' HSPG2-FGFR1', ' BMP7-ACTR2', ' EFNA4-EPHA7', ' LAMA5-ITGA6', ' BMP4-BMPR2', ' BMP4-BMPR2', ' LAMA5-BCAM', ' EFNA2-EPHA7']"
Lens,Trigeminal,"['MDK-NCL', ' APP-RPSA', ' MDK-SDC4', ' MDK-ITGA6', ' GPC3-IGF1R', ' MDK-LRP2', ' EFNA5-EPHA4', ' GPC3-CD81', ' HAPLN1-PRTG', ' EFNA5-EPHB2', ' GPC3-LRP2', ' APP-APLP2', ' SLIT2-APP', ' APP-LRP6', ' APP-TSPAN12', ' CDH1-PTPRF', ' CDH1-PTPRM', ' CDH1-IGF1R', ' FN1-ITGA6', ' SOSTDC1-LRP6', ' HSPG2-DAG1', ' LAMB1-DAG1', ' BMP7-PTPRK', ' NECTIN3-NECTIN2', ' LAMC1-DAG1', ' AGRN-DAG1', ' LAMA5-DAG1', ' IGF2-IGF2R', ' FAM3C-LAMP1', ' COL18A1-ITGB5', ' HSPG2-ITGB1', ' SEMA6A-PLXNA2', ' AFDN-EPHB2', ' COL18A1-GPC4', ' ANGPT1-ITGB1', ' NRG1-LSR', ' SEMA6A-PLXNA4', ' LGALS1-ITGB1', ' CXCL12-ITGB1', ' MAML2-NOTCH3', ' LAMA5-BCAM', ' CCN1-SDC4', ' CXCL12-SDC4', ' WNT4-SMO', ' VCL-ITGB5', ' WNT4-LRP6', ' WNT4-LRP6', ' BMP4-ACVR2B', ' LTBP1-ITGB5', ' BMP7-ACTR2', ' LAMB1-ITGA6', ' BMP7-ACVR2B', ' MFGE8-ITGB5', ' COL4A2-ITGB5', ' HSPG2-FGFR1', ' BMP4-LRP6', ' ADAM10-TSPAN12', ' APOE-LSR', ' HSPG2-LRP2', ' ITGB3BP-ITGB5', ' TLN1-ITGB5', ' CCN1-ITGB5', ' LAMA5-ITGA6', ' BMP4-BMPR2', ' BMP4-ACVR2A', ' SORBS1-ITGB5', ' BMP7-BMPR2', ' EFNB1-EPHB2', ' BMP7-ACVR2A']"
NC,Adenohypophyseal,"['MDK-NCL', ' HSPA8-LRP2', ' NECTIN3-CADM1', ' ADAM10-CADM1', ' VCAN-ITGB1', ' IGFBP4-LRP6', ' CALM3-MYLK', ' NECTIN3-NECTIN2', ' SFRP1-FZD2', ' CTHRC1-ROR2', ' NID1-PTPRF', ' ADAM10-TSPAN5', ' ADAM12-ITGB1', ' CTHRC1-FZD3', ' MAML2-NOTCH3', ' NECTIN3-NECTIN1', ' EFNB2-EPHB1', ' ADAM10-TSPAN12', ' SERPINF1-PLXDC2', ' VEGFC-NRP2', ' EFNB1-EPHB1', ' B2M-TFRC', ' PSEN1-NOTCH3', ' MMP2-FGFR1']"
NC,Epibranchial,"['DNAJB11-PRTG', ' GPC3-CD81', ' NECTIN3-CADM1', ' VCAN-ITGB1', ' ADAM10-CADM1', ' SPON1-APP', ' IGFBP4-LRP6', ' SFRP1-FZD2', ' JAM3-ITGB1', ' NECTIN3-NECTIN2', ' CALM3-MYLK', ' CTHRC1-ROR2', ' ADAM12-ITGB1', ' NID1-PTPRF', ' VEGFC-ITGB1', ' LGALS1-ITGB1', ' NID1-ITGB1', ' EFNA2-EPHA4', ' MAML2-NOTCH3', ' ADAM10-TSPAN12', ' RGMA-BMPR1B', ' SERPINF1-PLXDC2', ' ADAM12-SDC4', ' NCAM1-FGFR1', ' MMP2-FGFR1', ' PSEN1-NOTCH3', ' B2M-TFRC']"
NC,Epithelial,"['HSPA8-LRP2', ' MDK-LRP2', ' GPC3-UNC5C', ' GPC3-LRP2', ' GPC3-IGF1R', ' CALM1-PTPRA', ' HAPLN1-PRTG', ' DNAJB11-PRTG', ' GPC3-FLT1', ' MDK-SDC2', ' MDK-LRP1', ' GPC3-CD81', ' CALM2-KCNQ5', ' CALM1-KCNQ5', ' CALM1-RYR2', ' VCAN-ITGB1', ' CALR-LRP1', ' ARPC5-LRP2', ' GPC3-LRP1', ' SPON1-APP', ' SLIT2-APP', ' ACTR2-LRP2', ' JAM3-ITGB1', ' FBLN1-ITGB1', ' ADAM12-ITGB1', ' LRPAP1-LRP2', ' VEGFC-ITGB1', ' ADAM17-ITGB1', ' LAMC1-DAG1', ' IGFBP4-LRP6', ' FAM3C-LAMP1', ' LGALS1-ITGB1', ' NID1-ITGB1', ' CALM3-KCNQ5', ' NID1-PTPRF', ' ARF6-SMAP1', ' LAMB1-DAG1', ' NECTIN3-NECTIN2', ' CALM3-RYR2', ' VEGFC-FLT1', ' SPTAN1-PTPRA', ' PIGF-FLT1', ' NCAM1-PTPRA', ' NCAM1-FGFR2', ' FARP2-PLXNA2', ' TXLNA-STX3', ' SERPINF1-PLXDC2', ' ADAM12-SDC4', ' FAM3C-LIFR', ' VEGFB-NRP1', ' NCAM1-FGFR1', ' FARP2-PLXNA4', ' SERPINE2-LRP1', ' LRPAP1-LRP1', ' PSAP-LRP1', ' MMP2-FGFR1']"
NC,Lens,"['HSPA8-LRP2', ' GPC3-IGF1R', ' GPC3-CD81', ' CALM2-MYLK', ' BSG-SLC16A1', ' CALM2-KCNQ5', ' CALM1-KCNQ5', ' CALR-LRP1', ' GPC3-LRP1', ' VCAN-ITGB1', ' SPON1-APP', ' IGFBP4-LRP6', ' ARF1-INSR', ' NCAM1-FGFR2', ' LAMC1-DAG1', ' CALM3-MYLK', ' NCAM1-ROBO1', ' NID1-PTPRF', ' NECTIN3-NECTIN2', ' CALM3-KCNQ5', ' LAMB1-DAG1', ' JAM3-ITGB1', ' IGFBP4-FZD8', ' ADAM12-ITGB1', ' FAM3C-LAMP1', ' CALM3-INSR', ' VEGFC-ITGB1', ' SERPINF1-PLXDC2', ' CALM3-PDE1C', ' NID1-ITGB1', ' ARF6-SMAP1', ' RGMA-NEO1', ' CTHRC1-FZD3', ' MAML2-NOTCH3', ' MAML2-NOTCH2', ' NECTIN3-NECTIN1', ' COL2A1-ITGA9', ' VEGFC-CCBE1', ' COL1A2-ITGA9', ' ADAM12-SDC4', ' FN1-ITGA9', ' ADAM12-ITGA9', ' TLN1-ITGB5', ' COL4A1-ITGA9', ' ADAM10-TSPAN14', ' SEMA5A-MET', ' COL2A1-SDC1', ' FARP2-PLXNA2', ' ADAM10-TSPAN12', ' COL9A1-ITGA9', ' TXLNA-STX3', ' LAMC1-ITGA9', ' COL1A2-SDC1', ' ADAM10-NOTCH2', ' NAMPT-INSR', ' COL4A2-ITGA9', ' VCL-ITGB5', ' RGMA-BMPR2', ' ADAM10-MET', ' VEGFC-ITGA9', ' COL4A1-SDC1', ' ITGB3BP-ITGB5', ' COL4A1-CD47', ' COL9A1-SDC1', ' LAMB1-ITGA9', ' COL4A2-SDC1', ' COL4A2-ITGB5', ' FARP2-PLXNA4', ' EFNB1-EPHB2', ' MMP2-FGFR1', ' ADAM17-MET', ' SERPINE2-LRP1', ' PSAP-LRP1', ' EFNB1-EPHB1', ' NID1-ITGAV', ' PSEN1-NCSTN']"
NC,NC,"['MDK-NCL', ' HMGB1-SDC1', ' GPC3-IGF1R', ' MDK-LRP1', ' GPC3-UNC5C', ' CALR-LRP1', ' GPC3-LRP1', ' NECTIN3-CADM1', ' CALR-ITGAV', ' VCAN-ITGB1', ' ADAM10-CADM1', ' PDAP1-PDGFRB', ' IGFBP4-LRP6', ' NCAM1-ROBO1', ' JAM3-ITGB1', ' FBLN1-ITGB1', ' ADAM12-ITGB1', ' VEGFC-ITGB1', ' ADAM17-ITGB1', ' LGALS1-ITGB1', ' NID1-ITGB1', ' CALM3-INSR', ' COL2A1-ITGA9', ' ARF6-SMAP1', ' COL1A2-ITGA9', ' FN1-ITGA9', ' ADAM12-ITGA9', ' COL4A1-ITGA9', ' FARP2-PLXNA4', ' COL9A1-ITGA9', ' MAML2-NOTCH2', ' LAMC1-ITGA9', ' MAML2-NOTCH3', ' COL2A1-SDC1', ' TLN1-ITGB5', ' COL4A2-ITGA9', ' COL1A2-SDC1', ' VEGFC-ITGA9', ' SERPINF1-PLXDC2', ' VEGFC-NRP2', ' COL4A1-SDC1', ' FN1-ITGA8', ' NCAM1-PTPRA', ' RGMA-BMPR2', ' LAMB1-ITGA9', ' COL9A1-SDC1', ' ADAM10-TSPAN14', ' NCAM1-FGFR1', ' VCL-ITGB5', ' ITGB3BP-ITGB5', ' NAMPT-INSR', ' COL4A2-SDC1', ' SERPINE2-LRP1', ' MMP2-FGFR1', ' LRPAP1-LRP1', ' COL4A2-ITGB5', ' PSAP-LRP1', ' B2M-TFRC', ' NID1-ITGAV']"
NC,Neural plate,"['HSPA8-LRP2', ' YBX1-NOTCH1', ' HSPA8-LDLR', ' GPC3-IGF1R', ' EFNA5-EPHA7', ' MDK-PTPRZ1', ' GPC3-LRP2', ' NECTIN3-CADM1', ' APP-DCC', ' CALR-LRP1', ' GPC3-LRP1', ' VCAN-ITGB1', ' ADAM10-CADM1', ' IGFBP4-LRP6', ' SLIT2-DCC', ' CTHRC1-FZD3', ' JAM3-ITGB1', ' FBLN1-ITGB1', ' ADAM12-ITGB1', ' ADAM10-TSPAN5', ' EFNA2-EPHA7', ' AFDN-EPHA7', ' NCAM1-FGFR2', ' VEGFC-ITGB1', ' ADAM17-ITGB1', ' ADAM17-ERBB4', ' EFNA4-EPHA7', ' LGALS1-ITGB1', ' NID1-ITGB1', ' CALM3-INSR', ' EFNA2-EPHA4', ' ADAM10-NRCAM', ' CALM3-CACNA1C', ' ACTR2-LRP2', ' MAML2-NOTCH2', ' EFNB2-EPHB2', ' MAML2-NOTCH3', ' ARPC5-LDLR', ' EFNB1-EPHA4', ' NECTIN3-NECTIN1', ' RGMA-NEO1', ' EFNB2-EPHB1', ' NCAM1-FGFR1', ' MAML2-NOTCH1', ' COL2A1-DDR1', ' NCAM1-PTPRA', ' ADAM10-NOTCH2', ' MFAP2-NOTCH1', ' ACTR2-LDLR', ' COL2A1-SDC1', ' MMP2-FGFR1', ' B2M-TFRC', ' COL3A1-DDR1', ' EFNB1-EPHB2', ' COL5A2-DDR1', ' NCAM1-PTPRZ1', ' COL1A2-SDC1', ' SERPINF1-PLXDC2', ' RGMA-BMPR2', ' FARP2-PLXNA2', ' NAMPT-INSR', ' ADAM10-TSPAN14', ' ADAM10-NOTCH1', ' COL4A1-SDC1', ' COL4A1-CD47', ' COL2A1-ITGAV', ' COL9A1-SDC1', ' COL1A2-ITGAV', ' EFNB1-EPHB1', ' PSEN1-NOTCH2', ' COL4A2-SDC1', ' COL4A1-ITGAV', ' COL11A1-DDR1', ' SPON1-LRP8', ' PSEN1-NOTCH3', ' VEGFC-NRP2', ' SERPINE2-LRP1', ' COL9A1-ITGAV', ' PSAP-CELSR1', ' PSAP-LRP1', ' ADAM17-NOTCH1', ' NCAM1-CACNA1C', ' PSAP-SORT1', ' LRPAP1-LDLR', ' COL4A2-ITGAV', ' PSEN1-NOTCH1', ' LRPAP1-LRP8', ' PSEN1-NCSTN', ' NID1-ITGAV']"
NC,Olfactory,"['HSPA8-LRP2', ' GPC3-IGF1R', ' MDK-ITGA6', ' CALM2-MYLK', ' CALM2-KCNQ5', ' GPC3-CD81', ' NECTIN3-CADM1', ' ADAM10-CADM1', ' VCAN-ITGB1', ' IGFBP4-LRP6', ' CALM3-MYLK', ' SPON1-APP', ' IGFBP4-FZD8', ' SLIT2-ROBO2', ' CALM3-KCNQ5', ' SFRP1-FZD2', ' JAM3-ITGB1', ' NID1-PTPRF', ' ADAM12-ITGB1', ' NECTIN3-NECTIN2', ' CTHRC1-FZD3', ' VEGFC-ITGB1', ' CTHRC1-ROR2', ' CALM3-INSR', ' NID1-ITGB1', ' ADAM10-TSPAN5', ' FN1-ITGA6', ' MAML2-NOTCH3', ' EFNA2-EPHA4', ' NECTIN3-NECTIN1', ' ADAM10-TSPAN12', ' LAMC1-ITGA6', ' EFNB2-EPHB1', ' MAML2-NOTCH2', ' SERPINF1-PLXDC2', ' ADAM10-NRCAM', ' LAMB1-ITGA6', ' TXLNA-STX3', ' ADAM10-TSPAN14', ' COL2A1-SDC1', ' EFNA2-EPHA7', ' COL1A2-SDC1', ' COL4A1-CD47', ' ADAM10-NOTCH2', ' COL4A1-SDC1', ' EFNB1-EPHB1', ' NAMPT-INSR', ' VEGFC-NRP2', ' COL9A1-SDC1', ' B2M-TFRC', ' ADAM12-SDC4', ' PSEN1-NOTCH3', ' COL4A2-SDC1', ' NID1-ITGAV']"
NC,Otic,"['MDK-NCL', ' EFNA5-EPHA4', ' CALM2-MYLK', ' CALM1-MYLK', ' GPC3-UNC5C', ' GPC3-CD81', ' EFNB2-EPHA4', ' NECTIN3-CADM1', ' EFNA2-EPHA4', ' EFNA4-EPHA4', ' ADAM10-CADM1', ' EFNB1-EPHA4', ' VCAN-ITGB1', ' NCAM1-ROBO1', ' CALM3-MYLK', ' IGFBP4-LRP6', ' SPON1-APP', ' SFRP1-FZD2', ' CTHRC1-ROR2', ' JAM3-ITGB1', ' RGMA-BMPR1B', ' ADAM12-ITGB1', ' NID1-PTPRF', ' NCAM1-FGFR2', ' VEGFC-ITGB1', ' NID1-ITGB1', ' ADAM10-TSPAN5', ' CTHRC1-FZD3', ' ADAM10-TSPAN12', ' ADAM10-TSPAN14', ' SERPINF1-PLXDC2', ' EFNA2-EPHA7', ' B2M-TFRC']"
NC,Trigeminal,"['HSPA8-LRP2', ' MDK-SDC4', ' GPC3-CD81', ' PTN-SDC4', ' VCAN-ITGB1', ' SPON1-APP', ' CTHRC1-ROR2', ' NECTIN3-NECTIN2', ' IGFBP4-LRP6', ' NID1-PTPRF', ' LAMC1-DAG1', ' FAM3C-LAMP1', ' NCAM1-ROBO1', ' NCAM1-FGFR2', ' JAM3-ITGB1', ' LAMB1-DAG1', ' ADAM12-ITGB1', ' ADAM12-SDC4', ' SERPINF1-PLXDC2', ' VEGFC-ITGB1', ' ARF6-SMAP1', ' MAML2-NOTCH3', ' NID1-ITGB1', ' ADAM10-TSPAN5', ' TLN1-ITGB5', ' ADAM10-TSPAN12', ' VCL-ITGB5', ' ITGB3BP-ITGB5', ' FARP2-PLXNA2', ' COL4A2-ITGB5', ' PSEN1-NOTCH3', ' FARP2-PLXNA4']"
Neural plate,Adenohypophyseal,"['PTN-NCL', ' LAMA1-RPSA', ' HSPA8-LRP2', ' GNAI2-IGF1R', ' EFNA5-EPHB1', ' FGF14-FGFR2', ' NECTIN3-CADM1', ' SFRP1-FZD2', ' SLIT2-ROBO1', ' ADAM10-CADM1', ' FGF14-FGFR1', ' SPON1-APP', ' NCAM1-ROBO1', ' NECTIN3-NECTIN2', ' CALM3-MYLK', ' NTRK3-PTPRF', ' NCAM1-FGFR2', ' NTN1-NEO1', ' RGMA-NEO1', ' NTRK3-PTPRD', ' COL18A1-GPC4', ' NLGN2-NRXN3', ' ADAM10-TSPAN5', ' NRG1-LGR4', ' FGF13-FGFR2', ' NECTIN3-NECTIN1', ' MAML2-NOTCH3', ' SPARC-FGFR1', ' RGMA-BMPR1B', ' WNT5B-LRP6', ' WNT5B-LRP6', ' EFNB2-EPHB1', ' LAMA1-DAG1', ' RGMA-BMPR2', ' ADAM10-TSPAN12', ' NRG1-LSR', ' NCAM1-FGFR1', ' RGMB-NEO1', ' FST-BMPR1B', ' LAMA1-ITGA6', ' VEGFC-NRP2', ' APOE-LSR', ' EFNB1-EPHB1', ' FGF13-FGFR1', ' FST-BMPR2', ' EFNB3-EPHB1', ' B2M-TFRC', ' JAG1-NOTCH3', ' PSEN1-NOTCH3', ' PTDSS1-JMJD6']"
Neural plate,Epibranchial,"['PTN-NCL', ' LAMA1-RPSA', ' DNAJB11-PRTG', ' GNAI2-IGF1R', ' PTN-SDC4', ' SFRP1-FZD2', ' SLIT2-APP', ' NECTIN3-CADM1', ' FGF14-FGFR2', ' SLIT2-ROBO1', ' ADAM10-CADM1', ' SPON1-APP', ' FGF14-FGFR1', ' VCAN-ITGB1', ' NCAM1-ROBO1', ' JAM3-ITGB1', ' NECTIN3-NECTIN2', ' FBLN1-ITGB1', ' CALM3-MYLK', ' RGMA-BMPR1B', ' NCAM1-FGFR2', ' AFDN-EPHB2', ' NTRK3-PTPRF', ' NTN1-NEO1', ' RGMA-NEO1', ' SPARC-FGFR1', ' VEGFC-ITGB1', ' FGF13-FGFR2', ' NRG1-LGR4', ' FST-BMPR1B', ' MAML2-NOTCH3', ' WNT5B-LRP6', ' WNT5B-LRP6', ' ADAM10-TSPAN12', ' EFNB1-EPHA4', ' NCAM1-FGFR1', ' EFNB3-EPHA4', ' NRG1-LSR', ' LAMA1-DAG1', ' RGMA-BMPR2', ' RGMB-BMPR1B', ' FGF13-FGFR1', ' LAMA1-SDC4', ' APOE-LSR', ' RGMB-NEO1', ' LAMA1-ITGA6', ' FST-BMPR2', ' JAG1-NOTCH3', ' EFNB1-EPHB2', ' PSEN1-NOTCH3', ' B2M-TFRC', ' EFNB3-EPHB2', ' PTDSS1-JMJD6']"
Neural plate,Epithelial,"['HSPA8-LRP2', ' LAMA1-RPSA', ' MDK-LRP2', ' GNAI2-IGF1R', ' CALM1-PTPRA', ' DNAJB11-PRTG', ' GPC3-UNC5C', ' GPC3-LRP2', ' CALM1-KCNQ5', ' SLIT2-APP', ' CALM1-RYR2', ' PTN-SDC2', ' GPC3-FLT1', ' PTN-SDC4', ' FGF14-FGFR2', ' SPON1-APP', ' VCAN-ITGB1', ' CALR-LRP1', ' NTN1-UNC5C', ' ARPC5-LRP2', ' ACTR2-LRP2', ' JAM3-ITGB1', ' SFRP1-FZD2', ' FBLN1-ITGB1', ' FGF14-FGFR1', ' APOE-LRP2', ' LRPAP1-LRP2', ' AGRN-LRP2', ' ADAM17-ITGB1', ' LAMA1-DAG1', ' AGRN-ITGB1', ' LAMC1-DAG1', ' VEGFC-ITGB1', ' LGALS1-ITGB1', ' SPTAN1-PTPRA', ' SLIT2-ROBO2', ' TIMP2-ITGB1', ' NECTIN3-NECTIN2', ' NTRK3-PTPRF', ' NCAM1-PTPRA', ' AGRN-DAG1', ' CALM3-KCNQ5', ' FAM3C-LAMP1', ' SEMA6A-PLXNA2', ' NCAM1-FGFR2', ' ARF6-SMAP1', ' PIGF-FLT1', ' CALM3-RYR2', ' AFDN-EPHB2', ' VEGFC-FLT1', ' COL18A1-GPC4', ' SLIT3-ROBO2', ' FGF13-FGFR2', ' NTN1-NEO1', ' RGMA-NEO1', ' SPARC-FGFR1', ' RGMA-BMPR2', ' NRG1-LSR', ' WNT5B-LRP6', ' NTRK3-PTPRD', ' TXLNA-STX3', ' NCAM1-FGFR1', ' VEGFB-NRP1', ' APOE-LSR', ' FST-BMPR2', ' LAMA1-SDC2', ' FGF13-FGFR1', ' PSAP-LRP1', ' APOE-SDC2', ' LAMA1-SDC4', ' APOE-LRP1', ' LRPAP1-LRP1', ' EFNB1-EPHB2', ' AGRN-LRP1', ' RGMB-BMPR2', ' FAM3C-LIFR', ' SEMA3C-NRP1', ' SEMA3C-NRP1', ' EFNB3-EPHB2', ' SERPINE2-LRP1']"
Neural plate,Lens,"['LAMA1-RPSA', ' HSPA8-LRP2', ' GNAI2-IGF1R', ' FGF14-FGFR2', ' PTN-SDC4', ' SLIT2-APP', ' PTN-PTPRS', ' PTN-CDH10', ' PTN-SDC1', ' PTN-SDC2', ' PTN-PLXNB2', ' SLIT2-ROBO1', ' SPON1-APP', ' SLIT3-ROBO1', ' GNAI2-F2R', ' NTRK3-PTPRD', ' SFRP1-FZD2', ' NCAM1-FGFR2', ' FGF14-FGFR1', ' VCAN-ITGB1', ' NCAM1-ROBO1', ' FGF13-FGFR2', ' LAMA1-DAG1', ' SLIT2-ROBO2', ' LAMC1-DAG1', ' CALM3-MYLK', ' JAM3-ITGB1', ' NTRK3-PTPRF', ' NTN1-NEO1', ' NECTIN3-NECTIN2', ' RGMA-NEO1', ' AGRN-DAG1', ' CALM3-KCNQ5', ' AFDN-EPHB2', ' SLIT3-ROBO2', ' SLIT2-SDC1', ' CALM3-INSR', ' WNT5B-LRP6', ' WNT5B-LRP6', ' RGMA-BMPR2', ' COL18A1-PTPRS', ' VEGFC-ITGB1', ' CALM3-PDE1C', ' NTN1-UNC5C', ' COL18A1-GPC4', ' IGFBP4-LRP6', ' RGMB-NEO1', ' SPARC-FGFR1', ' NECTIN3-NECTIN1', ' MAML2-NOTCH3', ' COL18A1-ITGB5', ' MAML2-NOTCH2', ' NRG1-LSR', ' RGMA-BMPR1B', ' ADAMTS3-CCBE1', ' ADAM10-TSPAN14', ' ADAM10-TSPAN12', ' FN1-ITGA9', ' FST-BMPR2', ' NCAM1-FGFR1', ' APOE-LRP6', ' NCAM1-PTPRA', ' EFNB2-EPHB1', ' NRG1-LGR4', ' VEGFC-CCBE1', ' ADAM10-NOTCH2', ' ITGB3BP-ITGB5', ' TXLNA-STX3', ' COL2A1-ITGA9', ' ADAM10-MET', ' LAMA1-SDC4', ' NRG1-NETO2', ' NAMPT-INSR', ' LAMA1-ITGA9', ' APOE-LSR', ' LAMC1-ITGA9', ' WNT5B-FZD8', ' COL4A5-ITGA9', ' LAMA1-ITGA6', ' FGF13-FGFR1', ' COL4A6-ITGA9', ' RGMB-BMPR2', ' FST-BMPR1B', ' COL2A1-SDC1', ' COL4A1-ITGA9', ' EFNB1-EPHB2', ' IGFBP4-FZD8', ' VEGFC-ITGA9', ' LAMA1-SDC2', ' EFNB3-EPHB2', ' COL4A2-ITGA9', ' NLGN2-NRXN3', ' NTRK3-PTPRS', ' COL4A5-SDC1', ' JAG1-NOTCH3', ' PSAP-LRP1', ' APOE-LRP1', ' JAG1-NOTCH2', ' LRIG1-MET', ' COL4A5-CD47', ' APOE-SDC2', ' EFNB1-EPHB1', ' ADAM17-MET', ' MTMR4-SMAD3', ' PSEN1-NOTCH3', ' COL4A6-CD47', ' AGRN-LRP1', ' PSEN1-NOTCH2', ' EFNB3-EPHB1', ' SORBS1-INSR', ' TIMP3-MET', ' SORBS1-ITGB5', ' SERPINE2-LRP1', ' PSEN1-NCSTN', ' JAM2-ITGAV']"
Neural plate,NC,"['MDK-NCL', ' PTN-NCL', ' LAMA1-RPSA', ' GNAI2-IGF1R', ' PTN-SDC1', ' PTN-PTPRS', ' SLIT2-ROBO1', ' NECTIN3-CADM1', ' CALR-LRP1', ' GNAI2-EDNRA', ' SFRP1-FZD2', ' PDAP1-PDGFRB', ' FGF14-FGFR2', ' SLIT3-ROBO1', ' ADAM10-CADM1', ' VCAN-ITGB1', ' GNAI2-F2R', ' FGF14-FGFR1', ' NCAM1-ROBO1', ' JAM3-ITGB1', ' SLIT2-DCC', ' FBLN1-ITGB1', ' SPON1-APP', ' SLIT2-SDC1', ' SLIT2-GPC1', ' ADAM17-ITGB1', ' SLIT2-ROBO2', ' NTN1-NEO1', ' NTN1-UNC5C', ' RGMA-NEO1', ' AGRN-ITGB1', ' SEMA6A-PLXNA4', ' VEGFC-ITGB1', ' WNT5B-LRP6', ' RGMA-BMPR1B', ' NTN1-DCC', ' LGALS1-ITGB1', ' RGMA-BMPR2', ' NCAM1-FGFR2', ' TIMP2-ITGB1', ' IGFBP4-LRP6', ' CALM3-INSR', ' SPARC-FGFR1', ' WNT5B-FZD3', ' ADAM10-TSPAN5', ' COL18A1-GPC1', ' SPTAN1-PTPRA', ' COL18A1-PTPRS', ' FN1-ITGA9', ' COL18A1-ITGB5', ' NCAM1-PTPRA', ' FST-BMPR1B', ' MAML2-NOTCH2', ' COL2A1-ITGA9', ' NCAM1-FGFR1', ' FST-BMPR2', ' APOE-LRP6', ' MAML2-NOTCH3', ' LAMA1-ITGA9', ' LAMC1-ITGA9', ' COL4A5-ITGA9', ' WNT5B-FZD7', ' COL4A6-ITGA9', ' ADAM10-TSPAN14', ' ITGB3BP-ITGB5', ' RGMB-NEO1', ' COL4A1-ITGA9', ' ADAM10-NOTCH2', ' NRG1-GPC1', ' FN1-ITGA8', ' NRG1-NETO2', ' VEGFC-ITGA9', ' COL2A1-SDC1', ' RGMB-BMPR1B', ' FGF13-FGFR1', ' RGMB-BMPR2', ' SEMA3C-NRP2', ' COL4A2-ITGA9', ' VEGFC-NRP2', ' NAMPT-INSR', ' LAMA1-GPC1', ' COL4A5-SDC1', ' PSAP-LRP1', ' APOE-LRP1', ' LAMA1-ITGA6', ' COL4A6-SDC1', ' LRPAP1-LRP1', ' SDC2-PTPRJ', ' AGRN-LRP1', ' PTDSS1-JMJD6', ' B2M-TFRC', ' JAG1-NOTCH2', ' SERPINE2-LRP1', ' NTRK3-PTPRS', ' APOE-LRP4', ' SORBS1-ITGB5', ' SORBS1-INSR', ' JAM2-ITGAV', ' PDGFD-PDGFRB']"
Neural plate,Neural plate,"['PTN-NCL', ' LAMA1-RPSA', ' HSPA8-LRP2', ' YBX1-NOTCH1', ' HSPA8-LDLR', ' EFNA5-EPHA7', ' GNAI2-IGF1R', ' MDK-PTPRZ1', ' EFNA5-EPHB2', ' PTN-PTPRZ1', ' PTN-PTPRS', ' EFNA5-EPHB1', ' FGF14-FGFR2', ' SLIT2-DCC', ' PTN-SDC1', ' PTN-SDC2', ' PTN-PLXNB2', ' NECTIN3-CADM1', ' APP-DCC', ' FGF14-FGFR1', ' ADAM10-CADM1', ' SLIT2-ROBO1', ' NTN1-DCC', ' AFDN-EPHA7', ' SFRP1-FZD2', ' GNAI2-F2R', ' VCAN-ITGB1', ' SLIT2-ROBO2', ' RTN4-TNFRSF19', ' JAM3-ITGB1', ' NCAM1-ROBO1', ' AFDN-EPHB2', ' FBLN1-ITGB1', ' SLIT3-ROBO2', ' NCAM1-FGFR2', ' ADAM10-TSPAN5', ' EFNB2-EPHA4', ' NTN1-NEO1', ' RGMA-NEO1', ' FGF13-FGFR2', ' SPARC-FGFR1', ' ADAM17-ITGB1', ' ADAM17-ERBB4', ' SLIT2-SDC1', ' EFNA4-EPHA7', ' WNT5B-LRP6', ' ADAM10-NRCAM', ' EFNA2-EPHA7', ' VEGFC-ITGB1', ' WNT5B-FZD2', ' COL18A1-PTPRS', ' LGALS1-ITGB1', ' EFNB2-EPHB2', ' SLIT2-GPC1', ' RGMA-BMPR2', ' IGFBP4-LRP6', ' NCAM1-FGFR1', ' CALM3-INSR', ' EFNB1-EPHA4', ' SPTAN1-PTPRA', ' MAML2-NOTCH2', ' ACTR2-LRP2', ' EFNB3-EPHA4', ' NCAM1-PTPRA', ' MAML2-NOTCH3', ' NTN1-UNC5C', ' CALM3-CACNA1C', ' NTRK3-PTPRD', ' RGMA-BMPR1B', ' NECTIN3-NECTIN1', ' EFNB2-EPHB1', ' EFNA2-EPHA4', ' NCAM1-PTPRZ1', ' APOE-LRP6', ' FGF13-FGFR1', ' ADAM10-NOTCH2', ' NRG1-NETO2', ' MAML2-NOTCH1', ' RGMB-NEO1', ' FST-BMPR2', ' NRG1-LGR4', ' COL18A1-GPC1', ' EFNB1-EPHB2', ' ACTR2-LDLR', ' EFNB3-EPHB2', ' FST-BMPR1B', ' SPON1-LRP8', ' B2M-TFRC', ' ADAM10-TSPAN14', ' ADAM10-NOTCH1', ' APOE-LRP2', ' WNT5B-FZD7', ' LAMA1-ITGA6', ' NAMPT-INSR', ' COL2A1-DDR1', ' AGRN-LRP2', ' EFNB1-EPHB1', ' RGMB-BMPR2', ' NRG1-LSR', ' NCAM1-CACNA1C', ' EFNB3-EPHB1', ' NRG1-ADGRL1', ' JAG1-NOTCH2', ' NTRK3-PTPRS', ' COL2A1-SDC1', ' JAG1-NOTCH3', ' NRG1-GPC1', ' PSEN1-NOTCH2', ' PSAP-CELSR1', ' PSAP-LRP1', ' COL11A1-DDR1', ' APOE-LRP1', ' PSEN1-NOTCH3', ' LAMA1-SDC2', ' LRPAP1-LRP1', ' TIMP3-DDR1', ' MFAP2-NOTCH1', ' PSAP-SORT1', ' COL4A5-SDC1', ' FGF13-SCN8A', ' COL4A5-CD47', ' AGRN-LRP1', ' MTMR4-SMAD3', ' LRPAP1-SORT1', ' COL2A1-ITGAV', ' ADAM17-NOTCH1', ' COL4A6-CD47', ' JAG1-NOTCH1', ' APOE-LDLR', ' LAMA1-GPC1', ' APOE-SDC2', ' PTDSS1-JMJD6', ' LRPAP1-LDLR', ' LAMA1-ITGAV', ' SEMA3C-NRP2', ' VEGFC-NRP2', ' RIMS1-CACNA1C', ' APOE-LRP4', ' PSEN1-NOTCH1', ' APOE-LRP8', ' SORBS1-INSR', ' SERPINE2-LRP1', ' SDC2-PTPRJ', ' COL4A5-ITGAV', ' LRPAP1-LRP8', ' PSEN1-NCSTN', ' JAM2-ITGAV', ' NLGN2-NRXN2', ' NRXN2-NLGN2']"
Neural plate,Olfactory,"['PTN-NCL', ' LAMA1-RPSA', ' HSPA8-LRP2', ' GNAI2-IGF1R', ' MDK-ITGA6', ' NECTIN3-CADM1', ' EFNA5-EPHB1', ' PTN-PTPRS', ' PTN-SDC2', ' PTN-SDC1', ' ADAM10-CADM1', ' PTN-SDC4', ' PTN-PLXNB2', ' FGF14-FGFR2', ' SFRP1-FZD2', ' SLIT2-APP', ' SLIT2-ROBO1', ' SLIT2-ROBO2', ' GNAI2-F2R', ' SLIT3-ROBO2', ' FGF14-FGFR1', ' VCAN-ITGB1', ' SPON1-APP', ' NCAM1-ROBO1', ' NRG1-LGR4', ' CALM3-MYLK', ' JAM3-ITGB1', ' AFDN-EPHA7', ' NTRK3-PTPRD', ' NECTIN3-NECTIN2', ' CALM3-KCNQ5', ' NTN1-NEO1', ' RGMA-NEO1', ' NTRK3-PTPRF', ' AFDN-EPHB2', ' COL18A1-GPC4', ' NCAM1-FGFR2', ' SLIT2-SDC1', ' RGMA-BMPR1B', ' ADAM10-TSPAN5', ' WNT5B-LRP6', ' WNT5B-LRP6', ' RGMA-BMPR2', ' VEGFC-ITGB1', ' ADAM10-TSPAN12', ' MAML2-NOTCH3', ' FN1-ITGA6', ' NECTIN3-NECTIN1', ' IGFBP4-LRP6', ' LAMA1-DAG1', ' EFNB2-EPHB1', ' COL18A1-PTPRS', ' SPARC-FGFR1', ' MAML2-NOTCH2', ' EFNB3-EPHA4', ' LAMA1-ITGA6', ' FST-BMPR1B', ' ADAM10-NRCAM', ' LAMC1-ITGA6', ' NRG1-LSR', ' ADAM10-TSPAN14', ' RGMB-NEO1', ' APOE-LRP6', ' FST-BMPR2', ' NLGN2-NRXN3', ' NCAM1-FGFR1', ' NCAM1-PTPRA', ' TXLNA-STX3', ' WNT5B-FZD8', ' ADAM10-NOTCH2', ' RGMB-BMPR1B', ' EFNB1-EPHB1', ' APOE-LSR', ' IGFBP4-FZD8', ' NRG1-NETO2', ' WNT5B-LRP5', ' WNT5B-LRP5', ' WNT5B-LRP5', ' EFNB3-EPHB1', ' NAMPT-INSR', ' RGMB-BMPR2', ' FGF13-FGFR1', ' JAG1-NOTCH3', ' B2M-TFRC', ' COL2A1-SDC1', ' NRG1-ADGRL1', ' EFNB1-EPHB2', ' LAMA1-SDC2', ' EFNA2-EPHA7', ' PSEN1-NOTCH3', ' COL4A5-CD47', ' EFNB3-EPHB2', ' COL4A6-CD47', ' VEGFC-NRP2', ' APOE-SDC2', ' COL4A5-SDC1', ' JAG1-NOTCH2', ' MTMR4-SMAD3', ' PSAP-SORT1', ' LAMA1-SDC4', ' NTRK3-PTPRS', ' APOE-LRP5', ' APOE-SCARB1', ' JAM2-ITGAV', ' PTDSS1-SCARB1']"
Neural plate,Otic,"['MDK-NCL', ' PTN-NCL', ' LAMA1-RPSA', ' EFNA5-EPHA4', ' CALM1-MYLK', ' CALM2-MYLK', ' GNAI2-IGF1R', ' SLIT2-ROBO1', ' SFRP1-FZD2', ' EFNB2-EPHA4', ' SLIT3-ROBO1', ' NECTIN3-CADM1', ' FGF14-FGFR2', ' SLIT2-APP', ' ADAM10-CADM1', ' EFNB1-EPHA4', ' NCAM1-ROBO1', ' EFNB3-EPHA4', ' EFNA4-EPHA4', ' EFNA2-EPHA4', ' SPON1-APP', ' FGF14-FGFR1', ' VCAN-ITGB1', ' RGMA-BMPR1B', ' CALM3-MYLK', ' FST-BMPR1B', ' JAM3-ITGB1', ' NTN1-UNC5C', ' SLIT2-ROBO2', ' NCAM1-FGFR2', ' RGMB-BMPR1B', ' AFDN-EPHA7', ' NECTIN3-NECTIN2', ' NRG1-LGR4', ' NTN1-NEO1', ' RGMA-NEO1', ' NTRK3-PTPRF', ' SLIT3-ROBO2', ' FGF13-FGFR2', ' ADAM10-TSPAN5', ' VEGFC-ITGB1', ' WNT5B-LRP6', ' WNT5B-LRP6', ' NRG1-LSR', ' SPARC-FGFR1', ' RGMA-BMPR2', ' LAMA1-DAG1', ' ADAM10-TSPAN12', ' NCAM1-FGFR1', ' ADAM10-TSPAN14', ' APOE-LSR', ' NCAM1-PTPRA', ' APOE-LRP6', ' RGMB-NEO1', ' LAMA1-ITGA6', ' FGF13-FGFR1', ' B2M-TFRC', ' FST-BMPR2']"
Neural plate,Trigeminal,"['PTN-NCL', ' LAMA1-RPSA', ' MDK-SDC4', ' PTN-SDC4', ' GNAI2-IGF1R', ' FGF14-FGFR2', ' SLIT2-APP', ' SLIT2-ROBO1', ' SFRP1-FZD2', ' SPON1-APP', ' SLIT3-ROBO1', ' FGF14-FGFR1', ' VCAN-ITGB1', ' NECTIN3-NECTIN2', ' NCAM1-ROBO1', ' NCAM1-FGFR2', ' NTRK3-PTPRF', ' JAM3-ITGB1', ' LAMA1-DAG1', ' NTRK3-PTPRD', ' LAMC1-DAG1', ' FGF13-FGFR2', ' AGRN-DAG1', ' FAM3C-LAMP1', ' AFDN-EPHB2', ' NTN1-NEO1', ' RGMA-NEO1', ' ADAM10-TSPAN5', ' MAML2-NOTCH3', ' COL18A1-ITGB5', ' LAMA1-SDC4', ' VEGFC-ITGB1', ' COL18A1-GPC4', ' WNT5B-LRP6', ' WNT5B-LRP6', ' NRG1-LSR', ' ADAM10-TSPAN12', ' SPARC-FGFR1', ' RGMA-BMPR2', ' ITGB3BP-ITGB5', ' NCAM1-FGFR1', ' NCAM1-PTPRA', ' RGMB-NEO1', ' APOE-LSR', ' LAMA1-ITGA6', ' LTBP1-ITGB5', ' TLN1-ITGB5', ' VCL-ITGB5', ' FST-BMPR2', ' JAG1-NOTCH3', ' NLGN2-NRXN3', ' FGF13-FGFR1', ' PSEN1-NOTCH3', ' EFNB1-EPHB2', ' EFNB3-EPHB2', ' COL4A2-ITGB5', ' SORBS1-ITGB5']"
Olfactory,Adenohypophyseal,"['MDK-NCL', ' LAMA1-RPSA', ' MDK-LRP2', ' MDK-ITGA6', ' CALM1-MYLK', ' CALM2-MYLK', ' GPC3-LRP2', ' SLIT2-ROBO1', ' NECTIN3-CADM1', ' SLIT2-APP', ' DLK1-NOTCH3', ' SEMA3A-NRP2', ' WNT5A-PTPRK', ' CDH1-PTPRF', ' BMP7-PTPRK', ' APP-TSPAN12', ' CDH1-PTPRM', ' CALM3-MYLK', ' NECTIN3-NECTIN2', ' WNT5A-ROR2', ' WNT5A-FZD2', ' COL18A1-GPC4', ' CXCL12-ITGB1', ' WNT5B-LRP6', ' WNT5B-LRP6', ' WNT5A-FZD3', ' NECTIN3-NECTIN1', ' RGMA-NEO1', ' MAML2-NOTCH3', ' WNT5A-RYK', ' BMP7-ACVR2B', ' BMP7-ACVR2A', ' WNT5A-LRP6', ' APOE-LSR', ' VEGFA-NRP2', ' WNT5A-LRP2', ' PSEN1-NOTCH3']"
Olfactory,Epibranchial,"['MDK-NCL', ' MDK-SDC4', ' MDK-ITGA6', ' DNAJB11-PRTG', ' GPC3-CD81', ' SLIT2-APP', ' SLIT2-ROBO1', ' NECTIN3-CADM1', ' DLK1-NOTCH3', ' VCAN-ITGB1', ' APP-TSPAN12', ' CDH1-IGF1R', ' WNT5A-ROR1', ' WNT5A-PTPRK', ' CDH1-PTPRF', ' SFRP1-FZD2', ' BMP7-PTPRK', ' WNT5A-FZD2', ' NECTIN3-NECTIN2', ' CALM3-MYLK', ' CXCL12-ITGB1', ' WNT5A-ROR2', ' AFDN-EPHB2', ' IGF2-IGF2R', ' FAM3C-LAMP1', ' WNT5B-LRP6', ' WNT5B-LRP6', ' VEGFA-ITGB1', ' RGMA-BMPR1B', ' MAML2-NOTCH3', ' CXCL12-SDC4', ' WNT5A-RYK', ' BMP7-ACVR2B', ' BMP7-ACVR2B', ' ADAM10-TSPAN12', ' APOE-LSR', ' WNT5A-LRP6', ' HSPG2-FGFR1', ' BMP7-ACVR2A', ' BMP7-ACVR2A', ' LAMA1-SDC4', ' WNT5A-PTK7', ' PSEN1-NOTCH3', ' VEGFA-EPHB2']"
Olfactory,Epithelial,"['HSPA8-LRP2', ' MDK-LRP2', ' GPC3-UNC5C', ' CALM1-PTPRA', ' GPC3-LRP2', ' GPC3-IGF1R', ' MDK-SDC2', ' MDK-LRP1', ' MDK-SDC4', ' DNAJB11-PRTG', ' CALM1-KCNQ5', ' GPC3-FLT1', ' CALM2-KCNQ5', ' GPC3-CD81', ' SLIT2-APP', ' GNAI2-IGF1R', ' CALM1-RYR2', ' GPC3-LRP1', ' PDGFC-FLT1', ' CALR-LRP1', ' APP-APLP2', ' ARPC5-LRP2', ' VCAN-ITGB1', ' ACTR2-LRP2', ' IGF2-IGF1R', ' CDH1-IGF1R', ' IGF2-IGF2R', ' CXCL12-ITGB1', ' CDH1-PTPRF', ' JAM3-ITGB1', ' APOE-LRP2', ' WNT5A-LRP2', ' FBLN1-ITGB1', ' LRPAP1-LRP2', ' AGRN-LRP2', ' SLIT2-ROBO2', ' HSPG2-LRP2', ' FAM3C-LAMP1', ' LAMC1-DAG1', ' SEMA3A-NRP1', ' SEMA3A-NRP1', ' ADAM17-ITGB1', ' AGRN-ITGB1', ' APP-LRP1', ' HSPG2-ITGB1', ' WNT5A-RYK', ' LAMB1-DAG1', ' VEGFA-ITGB1', ' CALM3-KCNQ5', ' TIMP2-ITGB1', ' SEMA6A-PLXNA2', ' AGRN-DAG1', ' HSPG2-DAG1', ' ARF6-SMAP1', ' LAMA5-DAG1', ' NECTIN3-NECTIN2', ' LAMA1-DAG1', ' WNT5A-ROR1', ' PIGF-FLT1', ' CALM3-RYR2', ' SPTAN1-PTPRA', ' AFDN-EPHB2', ' COL18A1-GPC4', ' LAMA5-BCAM', ' WNT5B-LRP6', ' FN1-SDC2', ' BMP7-ACTR2', ' HAS2-HMMR', ' TXLNA-STX3', ' CXCL12-SDC4', ' APOE-LSR', ' FAM3C-LIFR', ' VEGFB-NRP1', ' WNT5A-LRP6', ' PSAP-LRP1', ' APOE-SDC2', ' APOE-LRP1', ' LRPAP1-LRP1', ' SERPINE2-LRP1', ' WNT5A-PTK7', ' AGRN-LRP1', ' SEMA3D-NRP1', ' SEMA3D-NRP1', ' HSPG2-LRP1', ' VEGFA-EPHB2', ' VEGFA-NRP1', ' LAMA1-SDC2']"
Olfactory,Lens,"['MDK-SDC4', ' GPC3-IGF1R', ' MDK-LRP2', ' MDK-ITGA6', ' MDK-SDC1', ' MDK-LRP1', ' MDK-NOTCH2', ' MDK-SDC2', ' CALM1-MYLK', ' CALM2-MYLK', ' GPC3-CD81', ' CALM1-KCNQ5', ' GNAI2-IGF1R', ' CALM2-KCNQ5', ' BSG-SLC16A1', ' SLIT2-APP', ' CALM1-INSR', ' CALM1-PDE1C', ' CALM2-INSR', ' CALM2-PDE1C', ' SLIT2-ROBO1', ' GPC3-UNC5C', ' APP-APLP2', ' GPC3-LRP2', ' GPC3-LRP1', ' DLK1-NOTCH3', ' DLK1-NOTCH2', ' IGF2-IGF1R', ' WNT5A-PTPRK', ' CDH1-IGF1R', ' ARF1-INSR', ' CDH1-PTPRF', ' BMP7-PTPRK', ' SLIT2-ROBO2', ' GNAI2-F2R', ' LAMC1-DAG1', ' CALM3-MYLK', ' LAMB1-DAG1', ' APP-LRP1', ' SLIT2-SDC1', ' AGRN-DAG1', ' CALM3-KCNQ5', ' NECTIN3-NECTIN2', ' HSPG2-DAG1', ' LAMA5-DAG1', ' LAMA1-DAG1', ' CXCL12-ITGB1', ' AFDN-EPHB2', ' APP-NCSTN', ' WNT5A-ROR1', ' FAM3C-LAMP1', ' CDH1-PTPRM', ' WNT5B-LRP6', ' WNT5B-LRP6', ' CALM3-INSR', ' LTBP1-ITGB5', ' CALM3-PDE1C', ' RGMA-NEO1', ' VEGFA-ITGB1', ' ARF6-SMAP1', ' HRAS-INSR', ' COL18A1-PTPRS', ' WNT5A-FZD3', ' FN1-ITGA9', ' NECTIN3-NECTIN1', ' WNT5A-RYK', ' CXCL12-SDC4', ' LAMA5-BCAM', ' COL2A1-ITGA9', ' BMP7-ACVR2B', ' MAML2-NOTCH3', ' COL4A1-ITGA9', ' APOE-LRP6', ' MAML2-NOTCH2', ' WNT5A-LRP6', ' WNT5B-FZD8', ' IGF2-INSR', ' LAMC1-ITGA9', ' RGMA-BMPR2', ' VCL-ITGB5', ' CGN-TGFBR1', ' NAMPT-INSR', ' COL2A1-SDC1', ' APOE-LSR', ' COL4A1-SDC1', ' ADAM10-TSPAN14', ' LAMB1-ITGA9', ' TXLNA-STX3', ' ITGB3BP-ITGB5', ' COL4A1-CD47', ' CDH1-ERBB3', ' BMP7-BMPR2', ' CXCL12-ITGAV', ' WNT5A-LRP2', ' WNT5A-PTK7', ' COL4A6-ITGA9', ' COL4A2-ITGA9', ' BMP7-ACVR2A', ' VEGFA-ITGA9', ' ADAM10-MET', ' LAMA5-ITGA9', ' LAMA1-SDC4', ' HSPG2-PTPRS', ' COL4A5-ITGA9', ' VEGFA-EPHB2', ' LAMA1-ITGA9', ' MFGE8-ITGB5', ' PSAP-LRP1', ' APOE-LRP1', ' MTMR4-SMAD3', ' WNT5A-VANGL2', ' APOE-SDC2', ' SERPINE2-LRP1', ' AGRN-LRP1', ' MFGE8-ITGAV', ' ADAM17-MET', ' HSPG2-SDC1', ' HSPG2-LRP1', ' LAMA5-SDC1', ' WNT5A-FZD8', ' SPINT1-ST14', ' LAMA1-SDC2', ' VEGFA-ITGAV', ' PSEN1-NCSTN']"
Olfactory,NC,"['MDK-NCL', ' LAMA1-RPSA', ' MDK-LRP1', ' MDK-SDC1', ' MDK-ITGA6', ' GPC3-IGF1R', ' MDK-NOTCH2', ' GNAI2-IGF1R', ' SLIT2-ROBO1', ' GPC3-UNC5C', ' GPC3-LRP1', ' CALR-LRP1', ' NECTIN3-CADM1', ' DLK1-NOTCH2', ' DLK1-NOTCH3', ' GNAI2-EDNRA', ' APP-LRP6', ' PDAP1-PDGFRB', ' IGF2-IGF1R', ' CDH1-IGF1R', ' SEMA3A-NRP2', ' VCAN-ITGB1', ' ARF1-INSR', ' APP-DCC', ' SLIT2-DCC', ' APP-LRP1', ' SLIT2-SDC1', ' PDGFC-PDGFRA', ' WNT5A-ROR1', ' APP-GPC1', ' SLIT2-GPC1', ' CXCL12-ITGB1', ' SLIT2-ROBO2', ' JAM3-ITGB1', ' PDGFC-PDGFRB', ' PDGFA-PDGFRA', ' APP-TNFRSF21', ' WNT5B-LRP6', ' SEMA6A-PLXNA4', ' ADAM17-ITGB1', ' PDGFA-PDGFRB', ' AGRN-ITGB1', ' LTBP1-ITGB5', ' HSPG2-ITGB1', ' VEGFA-ITGB1', ' WNT5B-FZD3', ' CALM3-INSR', ' TIMP2-ITGB1', ' WNT5A-FZD2', ' FN1-ITGA9', ' ARF6-SMAP1', ' COL2A1-ITGA9', ' CDH1-PTPRM', ' COL4A1-ITGA9', ' COL18A1-GPC1', ' WNT5B-FZD7', ' LAMC1-ITGA9', ' APOE-LRP6', ' WNT5A-LRP6', ' WNT5A-RYK', ' FN1-ITGA8', ' RGMA-BMPR1B', ' BMP7-ACVR2B', ' LAMB1-ITGA9', ' RGMA-BMPR2', ' COL2A1-SDC1', ' HAS2-HMMR', ' MAML2-NOTCH2', ' COL4A1-SDC1', ' CGN-TGFBR1', ' MAML2-NOTCH3', ' COL4A6-ITGA9', ' VCL-ITGB5', ' COL4A2-ITGA9', ' IGF2-INSR', ' SEMA3D-NRP2', ' BMP7-ACTR2', ' BMP7-BMPR1B', ' VEGFA-ITGA9', ' LAMA5-ITGA9', ' COL4A5-ITGA9', ' BMP7-BMPR2', ' BMP7-BMPR2', ' CXCL12-ITGAV', ' LAMA1-ITGA9', ' ITGB3BP-ITGB5', ' NAMPT-INSR', ' VEGFA-NRP2', ' SDC2-PTPRJ', ' PSAP-LRP1', ' APOE-LRP1', ' NPNT-ITGA8', ' WNT5A-PTK7', ' LRPAP1-LRP1', ' SERPINE2-LRP1', ' AGRN-LRP1', ' WNT5A-FZD7', ' MFGE8-ITGB5', ' HSPG2-LRP1', ' COL4A2-SDC1', ' HSPG2-SDC1', ' MFGE8-ITGAV', ' LAMA5-SDC1', ' COL4A5-SDC1', ' WNT5A-EPHA7', ' VEGFA-GPC1', ' HSPG2-PTPRS', ' WNT5A-VANGL2', ' MFGE8-PDGFRB', ' LAMA1-GPC1', ' MTMR4-SMAD3', ' APOE-LRP4', ' VEGFA-ITGAV', ' PDGFD-PDGFRB']"
Olfactory,Neural plate,"['MDK-NCL', ' LAMA1-RPSA', ' HSPA8-LRP2', ' MDK-LRP2', ' MDK-PTPRZ1', ' HSPA8-LDLR', ' MDK-ITGA6', ' MDK-NOTCH2', ' GPC3-IGF1R', ' MDK-LRP1', ' MDK-SDC1', ' MDK-SDC2', ' CALM1-PTPRA', ' CALM1-HMMR', ' GNAI2-IGF1R', ' EFNA5-EPHA7', ' APP-DCC', ' SLIT2-DCC', ' CALM1-CACNA1C', ' CALM2-CACNA1C', ' CDH1-CDH2', ' GPC3-LRP2', ' SLIT2-ROBO1', ' NECTIN3-CADM1', ' DLK1-NOTCH2', ' GPC3-LRP1', ' DLK1-NOTCH3', ' DLK1-NOTCH1', ' AFDN-EPHA7', ' SLIT2-ROBO2', ' ADAM10-CADM1', ' IGF2-IGF1R', ' APP-LRP6', ' CDH1-IGF1R', ' ARF1-INSR', ' VCAN-ITGB1', ' WNT5A-FZD3', ' AFDN-EPHB2', ' APP-NOTCH2', ' SEMA3A-NRP2', ' APP-LRP1', ' CXCL12-ITGB1', ' SLIT2-SDC1', ' JAM3-ITGB1', ' EFNA4-EPHA7', ' APP-TNFRSF21', ' WNT5A-EPHA7', ' SLIT2-GPC1', ' WNT5B-LRP6', ' WNT5B-FZD2', ' EFNA2-EPHA7', ' WNT5A-PTPRK', ' ADAM10-TSPAN5', ' ADAM17-ERBB4', ' SLIT3-ROBO2', ' CALM3-INSR', ' HSPG2-ITGB1', ' VEGFA-ITGB1', ' EFNA4-EPHA4', ' TIMP2-ITGB1', ' CALM3-CACNA1C', ' COL18A1-PTPRS', ' EFNA2-EPHA4', ' RGMA-NEO1', ' ACTR2-LRP2', ' ADAM10-NRCAM', ' CGN-TGFBR1', ' NECTIN3-NECTIN1', ' MAML2-NOTCH2', ' APOE-LRP6', ' WNT5A-LRP6', ' MAML2-NOTCH3', ' HAS2-HMMR', ' NRXN3-NLGN2', ' BMP7-ACVR2B', ' WNT5B-FZD7', ' HSPG2-FGFR1', ' RGMA-BMPR2', ' COL2A1-DDR1', ' MAML2-NOTCH1', ' IGF2-INSR', ' VEGFA-EPHB2', ' ACTR2-LDLR', ' APOE-LRP2', ' WNT5A-LRP2', ' WNT5A-VANGL2', ' BMP7-ACTR2', ' COL2A1-SDC1', ' NAMPT-INSR', ' AGRN-LRP2', ' COL4A1-SDC1', ' BMP7-BMPR2', ' COL4A1-CD47', ' HSPG2-LRP2', ' HSPG2-PTPRS', ' COL11A1-DDR1', ' CXCL12-ITGAV', ' COL2A1-ITGAV', ' PSAP-CELSR1', ' PSAP-LRP1', ' MFAP2-NOTCH1', ' COL4A1-ITGAV', ' APOE-LRP1', ' ADAM10-NOTCH1', ' LAMA1-ITGA6', ' PSAP-SORT1', ' LRPAP1-LRP1', ' MTMR4-SMAD3', ' SERPINE2-LRP1', ' PSEN1-NOTCH2', ' AGRN-LRP1', ' LRPAP1-SORT1', ' WNT5A-PTK7', ' PSEN1-NOTCH3', ' HSPG2-LRP1', ' APOE-LDLR', ' WNT5A-LDLR', ' APOE-SDC2', ' SEMA3D-NRP2', ' SDC2-PTPRJ', ' WNT5A-FZD7', ' LRPAP1-LDLR', ' ADAM17-NOTCH1', ' APOE-LRP4', ' APOE-LRP8', ' MFGE8-ITGAV', ' VEGFA-NRP2', ' LRPAP1-LRP8', ' PSEN1-NOTCH1', ' LAMA1-SDC2', ' PSEN1-NCSTN', ' VEGFA-GPC1', ' VEGFA-ITGAV']"
Olfactory,Olfactory,"['MDK-ITGA6', ' GPC3-IGF1R', ' MDK-LRP2', ' MDK-SDC2', ' MDK-NOTCH2', ' MDK-SDC1', ' MDK-SDC4', ' CALM1-MYLK', ' MDK-LRP1', ' CALM2-MYLK', ' CALM1-KCNQ5', ' GNAI2-IGF1R', ' CALM2-KCNQ5', ' GPC3-CD81', ' NECTIN3-CADM1', ' SLIT2-APP', ' SLIT2-ROBO1', ' SLIT2-ROBO2', ' DLK1-NOTCH3', ' ADAM10-CADM1', ' DLK1-NOTCH2', ' GPC3-LRP1', ' CDH1-PTPRM', ' CDH1-CDH2', ' IGF2-IGF1R', ' CDH1-IGF1R', ' WNT5A-PTPRK', ' GNAI2-F2R', ' ARF1-INSR', ' BMP7-PTPRK', ' APP-TSPAN12', ' CDH1-PTPRF', ' SEMA3A-NRP2', ' CALM3-MYLK', ' SLIT3-ROBO2', ' AFDN-EPHA7', ' CALM3-KCNQ5', ' SLIT2-SDC1', ' CXCL12-ITGB1', ' AFDN-EPHB2', ' NECTIN3-NECTIN2', ' WNT5B-LRP6', ' WNT5B-LRP6', ' COL18A1-GPC4', ' WNT5A-FZD2', ' WNT5A-FZD3', ' FN1-ITGA6', ' CALM3-INSR', ' WNT5A-ROR2', ' BMP7-BMPR1A', ' VEGFA-ITGB1', ' NECTIN3-NECTIN1', ' LAMC1-ITGA6', ' RGMA-NEO1', ' MAML2-NOTCH3', ' WNT5A-RYK', ' BMP7-ACVR2B', ' LAMB1-ITGA6', ' WNT5B-FZD8', ' ADAM10-TSPAN12', ' APOE-LRP6', ' WNT5A-LRP6', ' RGMA-BMPR1B', ' EFNB2-EPHB1', ' MAML2-NOTCH2', ' LAMA5-ITGA6', ' WNT5B-LRP5', ' WNT5B-LRP5', ' WNT5B-LRP5', ' RGMA-BMPR2', ' CGN-TGFBR1', ' LAMA1-ITGA6', ' COL4A1-CD47', ' EFNA4-EPHA7', ' ADAM10-NRCAM', ' IGF2-INSR', ' WNT5A-EPHA7', ' TXLNA-STX3', ' APOE-LSR', ' COL2A1-SDC1', ' COL4A1-SDC1', ' ADAM10-TSPAN14', ' NAMPT-INSR', ' EFNA2-EPHA7', ' BMP7-BMPR2', ' BMP7-BMPR2', ' CDH1-ERBB3', ' WNT5A-LRP2', ' CXCL12-SDC4', ' CDH1-LRP5', ' CXCL12-ITGAV', ' WNT5A-PTK7', ' WNT5A-VANGL2', ' VEGFA-EPHB2', ' PSEN1-NOTCH3', ' APOE-SDC2', ' VEGFA-NRP2', ' MTMR4-SMAD3', ' WNT5A-FZD8', ' IGFBP4-FZD8', ' COL4A6-CD47', ' PSAP-SORT1', ' HSPG2-PTPRS', ' SPINT1-ST14', ' COL4A5-CD47', ' MFGE8-ITGAV', ' APOE-LRP5', ' LAMA1-SDC2', ' WNT5A-LRP5', ' APOE-SCARB1', ' SERPINE2-LRP1', ' BMP7-ACVR1', ' BMP7-ACVR1', ' BMP7-ACVR1', ' CGN-OCLN', ' VEGFA-ITGAV']"
Olfactory,Otic,"['MDK-NCL', ' EFNA5-EPHA4', ' MDK-ITGA6', ' CALM1-MYLK', ' CALM2-MYLK', ' SLIT2-ROBO1', ' GPC3-UNC5C', ' GPC3-CD81', ' SLIT2-APP', ' NECTIN3-CADM1', ' EFNB2-EPHA4', ' EFNA4-EPHA4', ' SLIT3-ROBO1', ' EFNA2-EPHA4', ' ADAM10-CADM1', ' WNT5A-ROR1', ' CALM3-MYLK', ' CDH1-CDH2', ' SLIT2-ROBO2', ' WNT5A-PTPRK', ' SFRP1-FZD2', ' CDH1-PTPRF', ' WNT5A-FZD2', ' RGMA-BMPR1B', ' BMP7-PTPRK', ' WNT5A-ROR2', ' CXCL12-ITGB1', ' AFDN-EPHA7', ' FAM3C-LAMP1', ' WNT5B-LRP6', ' WNT5B-LRP6', ' VEGFA-ITGB1', ' WNT5A-FZD3', ' BMP7-ACVR2B', ' BMP7-ACVR2B', ' WNT5A-RYK', ' CDH1-ERBB3', ' APOE-LSR', ' WNT5A-LRP6', ' BMP7-ACVR2A', ' BMP7-ACVR2A', ' WNT5A-PTK7', ' WNT5A-EPHA7', ' LAMA5-ITGA6', ' EFNA2-EPHA7', ' LAMA1-ITGA6']"
Olfactory,Trigeminal,"['MDK-SDC4', ' MDK-ITGA6', ' MDK-LRP2', ' GPC3-CD81', ' SLIT2-APP', ' SLIT2-ROBO1', ' DLK1-NOTCH3', ' CDH1-PTPRF', ' WNT5A-ROR2', ' NECTIN3-NECTIN2', ' APP-TSPAN12', ' WNT5A-ROR1', ' CDH1-PTPRM', ' WNT5A-PTPRK', ' LAMC1-DAG1', ' FAM3C-LAMP1', ' BMP7-PTPRK', ' LAMB1-DAG1', ' AGRN-DAG1', ' CXCL12-ITGB1', ' AFDN-EPHB2', ' IGF2-IGF2R', ' HSPG2-DAG1', ' LTBP1-ITGB5', ' LAMA5-DAG1', ' LAMA1-DAG1', ' CXCL12-SDC4', ' ARF6-SMAP1', ' WNT5B-LRP6', ' WNT5B-LRP6', ' LAMA5-BCAM', ' VEGFA-ITGB1', ' COL18A1-ITGB5', ' WNT5A-FZD2', ' MAML2-NOTCH3', ' WNT5A-RYK', ' LAMA1-SDC4', ' VCL-ITGB5', ' ITGB3BP-ITGB5', ' APOE-LSR', ' ADAM10-TSPAN12', ' BMP7-ACTR2', ' WNT5A-LRP6', ' TLN1-ITGB5', ' MFGE8-ITGB5', ' WNT5A-PTK7', ' LAMA5-ITGA6', ' LAMA1-ITGA6', ' WNT5A-LRP2', ' COL4A2-ITGB5', ' PSEN1-NOTCH3', ' VEGFA-EPHB2']"
Otic,Adenohypophyseal,"['MDK-NCL', ' PTN-NCL', ' APP-RPSA', ' HAPLN1-PRTG', ' CALM2-MYLK', ' CALM1-MYLK', ' DNAJB11-PRTG', ' BSG-SLC16A1', ' EFNA5-EPHB1', ' APP-APLP2', ' SLIT2-ROBO1', ' NECTIN3-CADM1', ' SLIT2-APP', ' ADAM10-CADM1', ' APP-LRP6', ' APP-TSPAN12', ' CDH1-PTPRF', ' CDH1-PTPRM', ' NECTIN3-NECTIN2', ' CALM3-MYLK', ' COL18A1-GPC4', ' FN1-ITGA6', ' ADAM10-TSPAN5', ' SEMA3A-NRP2', ' NECTIN3-NECTIN1', ' ADAM10-TSPAN12', ' HAS2-HMMR', ' EFNB2-EPHB1']"
Otic,Epibranchial,"['MDK-NCL', ' PTN-NCL', ' APP-RPSA', ' HAPLN1-PRTG', ' DNAJB11-PRTG', ' MDK-SDC4', ' CALM2-MYLK', ' CALM1-MYLK', ' PTN-SDC4', ' BSG-SLC16A1', ' SLIT2-APP', ' APP-APLP2', ' SLIT2-ROBO1', ' NECTIN3-CADM1', ' ADAM10-CADM1', ' APP-LRP6', ' VCAN-ITGB1', ' APP-TSPAN12', ' CDH1-PTPRF', ' NECTIN3-NECTIN2', ' FAM3C-LAMP1', ' AFDN-EPHB2', ' FN1-ITGA6', ' EFNA4-EPHA4', ' IGF2-IGF2R', ' ADAM10-TSPAN12', ' HAS2-HMMR']"
Otic,Epithelial,"['PTN-NCL', ' HSPA8-LRP2', ' MDK-LRP2', ' HAPLN1-PRTG', ' CALM1-PTPRA', ' HSP90B1-LRP1', ' DNAJB11-PRTG', ' MDK-SDC2', ' CALM2-KCNQ5', ' MDK-LRP1', ' CALM1-KCNQ5', ' CALM1-HMMR', ' CALM1-RYR2', ' PTN-SDC2', ' SLIT2-APP', ' GPC3-UNC5C', ' PTN-SDC4', ' GPC3-LRP2', ' SEMA6A-PLXNA2', ' CALR-LRP1', ' GPC3-FLT1', ' APP-APLP2', ' ARPC5-LRP2', ' VCAN-ITGB1', ' SEMA6A-PLXNA4', ' ACTR2-LRP2', ' CDH1-IGF1R', ' FBLN1-ITGB1', ' IGF2-IGF1R', ' LAMC1-DAG1', ' IGF2-IGF2R', ' CDH1-PTPRF', ' APP-LRP1', ' FAM3C-LAMP1', ' LAMB1-DAG1', ' SLIT2-ROBO2', ' ARF6-SMAP1', ' PIGF-FLT1', ' CALM3-KCNQ5', ' NECTIN3-NECTIN2', ' SPTAN1-PTPRA', ' AFDN-EPHB2', ' CALM3-RYR2', ' COL18A1-GPC4', ' FN1-SDC2', ' HAS2-HMMR', ' TXLNA-STX3', ' FAM3C-LIFR', ' VEGFB-NRP1']"
Otic,Lens,"['APP-RPSA', ' HMGB1-SDC1', ' HSP90B1-LRP1', ' CALM2-MYLK', ' CALM1-MYLK', ' MDK-SDC4', ' BSG-SLC16A1', ' CALM2-KCNQ5', ' MDK-SDC1', ' MDK-LRP1', ' CALM1-KCNQ5', ' MDK-SDC2', ' PTN-SDC4', ' PTN-PTPRS', ' PTN-CDH10', ' PTN-SDC1', ' CALM2-INSR', ' CALM1-INSR', ' PTN-SDC2', ' CALM2-PDE1C', ' PTN-PLXNB2', ' CALM1-PDE1C', ' SLIT2-APP', ' APP-APLP2', ' SLIT2-ROBO1', ' SEMA6A-PLXNA2', ' CALR-LRP1', ' CALR-ITGAV', ' SEMA6A-PLXNA4', ' APP-LRP6', ' ARF1-INSR', ' CDH1-IGF1R', ' VCAN-ITGB1', ' IGF2-IGF1R', ' CDH1-PTPRF', ' LAMC1-DAG1', ' APP-TSPAN12', ' SLIT2-ROBO2', ' APP-LRP1', ' LAMB1-DAG1', ' APP-NOTCH2', ' APP-NCSTN', ' CALM3-MYLK', ' NECTIN3-NECTIN2', ' SLIT2-SDC1', ' FAM3C-LAMP1', ' AFDN-EPHB2', ' CALM3-KCNQ5', ' CDH1-PTPRM', ' FN1-ITGA9', ' HRAS-INSR', ' FN1-ITGA6', ' ARF6-SMAP1', ' FN1-SDC1', ' COL18A1-PTPRS', ' FN1-SDC2', ' IGFBP4-LRP6', ' COL18A1-GPC4', ' CALM3-PDE1C', ' FN1-ITGAV', ' LAMC1-ITGA9', ' COL18A1-ITGB5', ' COL4A1-ITGA9', ' NECTIN3-NECTIN1', ' SEMA5A-MET', ' COL4A6-ITGA9', ' COL2A1-ITGA9', ' ADAM10-TSPAN14', ' ADAM10-TSPAN12', ' COL4A1-SDC1', ' LAMB1-ITGA9', ' ADAM10-NOTCH2', ' COL4A1-CD47', ' NAMPT-INSR', ' COL4A6-SDC1', ' ADAM10-MET', ' COL2A1-SDC1', ' COL4A2-ITGA9', ' LTBP1-ITGB5', ' TXLNA-STX3', ' COL4A6-CD47', ' IGF2-INSR', ' IGFBP4-FZD8', ' CDH1-ERBB3', ' COL4A2-SDC1', ' COL4A2-ITGB5', ' SPINT1-ST14']"
Otic,NC,"['MDK-NCL', ' PTN-NCL', ' APP-RPSA', ' HMGB1-SDC1', ' HSP90B1-LRP1', ' MDK-LRP1', ' MDK-SDC1', ' HAPLN1-PRTG', ' CALM1-HMMR', ' CALM1-PTPRA', ' PTN-SDC1', ' PTN-PTPRS', ' CALM2-INSR', ' CALM1-INSR', ' BSG-SLC16A1', ' SEMA6A-PLXNA4', ' SLIT2-ROBO1', ' CALR-LRP1', ' CALR-ITGAV', ' NECTIN3-CADM1', ' ADAM10-CADM1', ' APP-LRP6', ' VCAN-ITGB1', ' PDAP1-PDGFRB', ' APP-DCC', ' ARF1-INSR', ' CDH1-IGF1R', ' RTN4-TNFRSF19', ' GNAI2-EDNRA', ' APP-LRP1', ' SLIT2-DCC', ' APP-GPC1', ' APP-NOTCH2', ' FBLN1-ITGB1', ' APP-TNFRSF21', ' SLIT2-SDC1', ' SLIT2-GPC1', ' SLIT2-ROBO2', ' FN1-ITGA9', ' FN1-SDC1', ' FN1-ITGA8', ' IGFBP4-LRP6', ' SEMA3A-NRP2', ' HRAS-INSR', ' FN1-ITGA6', ' ARF6-SMAP1', ' LAMC1-ITGA9', ' COL4A1-ITGA9', ' FN1-ITGAV', ' COL4A6-ITGA9', ' COL2A1-ITGA9', ' COL18A1-GPC1', ' CDH1-PTPRM', ' COL18A1-ITGB5', ' LAMB1-ITGA9', ' HAS2-HMMR', ' NPNT-ITGA8', ' COL4A1-SDC1', ' COL4A2-ITGA9', ' COL4A6-SDC1', ' COL2A1-SDC1', ' PDGFA-PDGFRA', ' ADAM10-TSPAN14', ' ADAM10-NOTCH2', ' LTBP1-ITGB5', ' NAMPT-INSR', ' COL4A2-SDC1', ' PDGFA-PDGFRB', ' COL4A2-ITGB5']"
Otic,Neural plate,"['MDK-NCL', ' PTN-NCL', ' APP-RPSA', ' HMGB1-SDC1', ' YBX1-NOTCH1', ' HSPA8-LRP2', ' HSPA8-LDLR', ' HAPLN1-PRTG', ' HSP90B1-LRP1', ' MDK-LRP2', ' EFNA5-EPHA7', ' MDK-PTPRZ1', ' MDK-ITGA6', ' MDK-NOTCH2', ' DNAJB11-PRTG', ' CALM1-PTPRA', ' CALM1-HMMR', ' MDK-LRP1', ' PTN-PTPRZ1', ' PTN-PTPRS', ' MDK-SDC2', ' CALM2-MYLK', ' APP-DCC', ' PTN-SDC1', ' CALM2-INSR', ' CALM1-INSR', ' PTN-SDC2', ' EFNA5-EPHB2', ' PTN-PLXNB2', ' CALM2-CACNA1C', ' CALM1-CACNA1C', ' EFNA5-EPHB1', ' SLIT2-DCC', ' CDH1-CDH2', ' CALR-LRP1', ' APP-APLP2', ' SEMA6A-PLXNA2', ' CALR-ITGAV', ' NECTIN3-CADM1', ' SLIT2-ROBO1', ' ADAM10-CADM1', ' APP-LRP6', ' AFDN-EPHA7', ' VCAN-ITGB1', ' ARF1-INSR', ' SLIT2-ROBO2', ' CDH1-IGF1R', ' RTN4-TNFRSF19', ' IGF2-IGF1R', ' APP-NOTCH2', ' APP-LRP1', ' AFDN-EPHB2', ' APP-NCSTN', ' APP-TNFRSF21', ' APP-GPC1', ' FBLN1-ITGB1', ' EFNA4-EPHA7', ' ADAM10-TSPAN5', ' ARPC5-LRP2', ' SLIT2-SDC1', ' SLIT2-GPC1', ' SLIT3-ROBO2', ' EFNA4-EPHA4', ' FN1-ITGA6', ' ADAM10-NRCAM', ' COL18A1-PTPRS', ' IGFBP4-LRP6', ' HRAS-INSR', ' ARPC5-LDLR', ' FN1-SDC1', ' ACTR2-LRP2', ' FN1-SDC2', ' CALM3-CACNA1C', ' HAS2-HMMR', ' NECTIN3-NECTIN1', ' LAMC1-ITGA6', ' FN1-ITGAV', ' FN1-ITGAV', ' ADAM10-NOTCH2', ' EFNB2-EPHB1', ' LAMB1-ITGA6', ' COL2A1-DDR1', ' COL4A1-SDC1', ' MAML2-NOTCH2', ' ACTR2-LDLR', ' COL4A1-CD47', ' ADAM10-TSPAN14', ' ADAM10-NOTCH1', ' COL4A6-SDC1', ' NAMPT-INSR', ' COL2A1-SDC1', ' COL4A6-CD47', ' COL4A1-ITGAV', ' MAML2-NOTCH1', ' COL4A6-ITGAV', ' COL2A1-ITGAV', ' COL4A2-SDC1', ' MFAP2-NOTCH1', ' LAMB1-ITGAV', ' COL4A2-ITGAV']"
Otic,Olfactory,"['PTN-NCL', ' APP-RPSA', ' HMGB1-SDC1', ' MDK-ITGA6', ' CALM2-MYLK', ' CALM1-MYLK', ' HSP90B1-LRP1', ' CALM2-KCNQ5', ' CALM1-KCNQ5', ' MDK-SDC2', ' PTN-PTPRS', ' PTN-SDC2', ' BSG-SLC16A1', ' PTN-SDC1', ' CALM2-INSR', ' CALM1-INSR', ' PTN-SDC4', ' PTN-PLXNB2', ' EFNA5-EPHB1', ' NECTIN3-CADM1', ' ADAM10-CADM1', ' SLIT2-APP', ' APP-APLP2', ' SLIT2-ROBO1', ' CALR-LRP1', ' CALR-ITGAV', ' SLIT2-ROBO2', ' APP-LRP6', ' CDH1-PTPRM', ' CDH1-CDH2', ' APP-TSPAN12', ' CDH1-IGF1R', ' ARF1-INSR', ' VCAN-ITGB1', ' IGF2-IGF1R', ' SLIT3-ROBO2', ' CDH1-PTPRF', ' APP-NOTCH2', ' APP-LRP1', ' CALM3-MYLK', ' FN1-ITGA6', ' AFDN-EPHA7', ' SLIT2-SDC1', ' CALM3-KCNQ5', ' AFDN-EPHB2', ' NECTIN3-NECTIN2', ' COL18A1-GPC4', ' LAMC1-ITGA6', ' ADAM10-TSPAN5', ' HRAS-INSR', ' IGFBP4-LRP6', ' FN1-SDC2', ' FN1-SDC1', ' ADAM10-TSPAN12', ' LAMB1-ITGA6', ' NECTIN3-NECTIN1', ' FN1-ITGAV', ' ADAM10-NRCAM', ' HAS2-HMMR', ' EFNB2-EPHB1', ' EFNA4-EPHA7', ' ADAM10-TSPAN14', ' COL4A1-CD47', ' COL4A6-CD47', ' COL4A1-SDC1', ' ADAM10-NOTCH2', ' TXLNA-STX3', ' IGFBP4-FZD8', ' COL4A6-SDC1', ' COL2A1-SDC1', ' NAMPT-INSR', ' CDH1-ERBB3', ' CDH1-LRP5', ' COL4A2-SDC1', ' SPINT1-ST14']"
Otic,Otic,"['MDK-NCL', ' PTN-NCL', ' APP-RPSA', ' EFNA5-EPHA4', ' CALM2-MYLK', ' CALM1-MYLK', ' HAPLN1-PRTG', ' MDK-ITGA6', ' DNAJB11-PRTG', ' BSG-SLC16A1', ' SLIT2-ROBO1', ' SLIT2-APP', ' APP-APLP2', ' NECTIN3-CADM1', ' EFNB2-EPHA4', ' EFNA4-EPHA4', ' SLIT3-ROBO1', ' ADAM10-CADM1', ' APP-LRP6', ' VCAN-ITGB1', ' CALM3-MYLK', ' APP-TSPAN12', ' CDH1-CDH2', ' SLIT2-ROBO2', ' CDH1-PTPRF', ' FAM3C-LAMP1', ' AFDN-EPHA7', ' FN1-ITGA6', ' ADAM10-TSPAN5', ' LAMC1-ITGA6', ' ADAM10-TSPAN12', ' CDH1-ERBB3', ' HAS2-HMMR', ' LAMB1-ITGA6', ' ADAM10-TSPAN14', ' EFNA4-EPHA7']"
Otic,Trigeminal,"['PTN-NCL', ' APP-RPSA', ' MDK-SDC4', ' PTN-SDC4', ' HAPLN1-PRTG', ' MDK-ITGA6', ' CALM2-MYLK', ' BSG-SLC16A1', ' SLIT2-APP', ' APP-APLP2', ' SLIT2-ROBO1', ' SEMA6A-PLXNA2', ' SEMA6A-PLXNA4', ' APP-LRP6', ' CDH1-PTPRF', ' APP-TSPAN12', ' VCAN-ITGB1', ' NECTIN3-NECTIN2', ' LAMC1-DAG1', ' CDH1-PTPRM', ' LAMB1-DAG1', ' FAM3C-LAMP1', ' AFDN-EPHB2', ' FN1-ITGA6', ' IGF2-IGF2R', ' ARF6-SMAP1', ' ADAM10-TSPAN5', ' COL18A1-ITGB5', ' COL18A1-GPC4', ' LAMC1-ITGA6', ' ADAM10-TSPAN12', ' LTBP1-ITGB5', ' LAMB1-ITGA6', ' HAS2-HMMR', ' MAML2-NOTCH3', ' ITGB3BP-ITGB5', ' COL4A2-ITGB5']"
Trigeminal,Adenohypophyseal,"['MDK-NCL', ' PTN-NCL', ' APP-RPSA', ' HAPLN1-PRTG', ' EFNA5-EPHA4', ' CALM1-MYLK', ' EFNA5-EPHB1', ' CALM2-MYLK', ' CALM1-HMMR', ' BSG-SLC16A1', ' APP-APLP2', ' SEMA3A-NRP2', ' NECTIN3-CADM1', ' SLIT3-ROBO1', ' CDH1-PTPRF', ' APP-LRP6', ' CDH1-IGF1R', ' CDH1-PTPRM', ' APP-TSPAN12', ' WNT6-LRP6', ' WNT6-LRP6', ' BMP5-PTPRD', ' ARPC5-LRP2', ' COL18A1-GPC4', ' CALM3-MYLK', ' CDH1-CDH2', ' NECTIN3-NECTIN2', ' SOSTDC1-LRP6', ' BMP5-ACVR2B', ' BMP5-ACVR2A', ' BMP2-ACVR2B', ' IGF2-IGF2R', ' APOE-LRP6', ' BMP2-ACVR2A', ' LAMB1-DAG1', ' APOE-LSR', ' EFNB2-EPHB1', ' APOE-LRP2', ' LAMC1-ITGA6', ' LAMA5-DAG1', ' BMP2-SMO', ' BMP5-BMPR1B', ' BMP5-BMPR1B', ' BMP2-ACTR2', ' NECTIN3-NECTIN1', ' LRPAP1-LRP2', ' WNT4-SMO', ' BMP2-BMPR1B', ' BMP2-BMPR1B', ' WNT4-LRP6', ' WNT4-LRP6', ' LAMB1-ITGA6', ' BMP5-BMPR2', ' BMP5-BMPR2', ' BMP2-BMPR2', ' BMP2-BMPR2', ' LAMA5-BCAM', ' LAMA5-ITGA6', ' AGRN-LRP2']"
Trigeminal,Epibranchial,"['MDK-NCL', ' APP-RPSA', ' PTN-NCL', ' HAPLN1-PRTG', ' EFNA5-EPHA4', ' CALM1-MYLK', ' CALM1-HMMR', ' MDK-SDC4', ' DNAJB11-PRTG', ' EFNA5-EPHB2', ' CALM2-MYLK', ' BSG-SLC16A1', ' APP-APLP2', ' PTN-SDC4', ' NECTIN3-CADM1', ' SLIT3-ROBO1', ' CDH1-IGF1R', ' APP-LRP6', ' APP-TSPAN12', ' CDH1-PTPRF', ' WNT6-LRP6', ' WNT6-LRP6', ' CALM3-MYLK', ' NECTIN3-NECTIN2', ' AFDN-EPHB2', ' SOSTDC1-LRP6', ' IGF2-IGF2R', ' CDH1-CDH2', ' AGRN-ITGB1', ' BMP5-ACVR2B', ' BMP5-ACVR2B', ' EFNA4-EPHA4', ' APOE-LSR', ' BMP2-ACVR2B', ' BMP2-ACVR2B', ' APOE-LRP6', ' LAMB1-DAG1', ' BMP5-PTPRD', ' BMP5-ACVR2A', ' BMP5-ACVR2A', ' BMP2-SMO', ' LAMA5-DAG1', ' LAMC1-ITGA6', ' BMP2-ACVR2A', ' BMP2-ACVR2A', ' WNT4-SMO', ' BMP2-ACTR2', ' WNT4-LRP6', ' WNT4-LRP6', ' BMP5-BMPR2', ' BMP5-BMPR2', ' LAMB1-ITGA6', ' ADAM10-TSPAN12', ' BMP2-BMPR2', ' BMP2-BMPR2', ' LAMA5-BCAM', ' LAMA5-ITGA6']"
Trigeminal,Epithelial,"['APP-RPSA', ' HSPA8-LRP2', ' HAPLN1-PRTG', ' MDK-LRP2', ' CALM1-PTPRA', ' CALM1-KCNQ5', ' HSP90B1-LRP1', ' GPC3-UNC5C', ' CALM1-HMMR', ' CALM2-KCNQ5', ' GPC3-LRP2', ' GPC3-IGF1R', ' CALM1-RYR2', ' DNAJB11-PRTG', ' EFNA5-EPHB2', ' MDK-SDC2', ' MDK-LRP1', ' GNAI2-IGF1R', ' GPC3-FLT1', ' GPC3-CD81', ' BSG-SLC16A1', ' ARPC5-LRP2', ' APP-APLP2', ' CALR-LRP1', ' CDH1-IGF1R', ' PTN-SDC2', ' SLIT2-APP', ' APOE-LRP2', ' GPC3-LRP1', ' CDH1-PTPRF', ' SEMA3A-NRP1', ' SEMA3A-NRP1', ' PTN-SDC4', ' ACTR2-LRP2', ' LRPAP1-LRP2', ' IGF2-IGF1R', ' IGF2-IGF2R', ' LAMC1-DAG1', ' APP-LRP6', ' FBLN1-ITGB1', ' APP-LRP1', ' AGRN-LRP2', ' LAMB1-DAG1', ' SEMA6A-PLXNA2', ' WNT6-LRP6', ' AGRN-ITGB1', ' LAMA5-DAG1', ' AGRN-DAG1', ' PDGFC-FLT1', ' COL18A1-GPC4', ' CALM3-KCNQ5', ' SPTAN1-PTPRA', ' SLIT3-ROBO2', ' PIGF-FLT1', ' AFDN-EPHB2', ' NECTIN3-NECTIN2', ' CALM3-RYR2', ' BMP5-PTPRD', ' LAMA5-BCAM', ' SOSTDC1-LRP6', ' APOE-LSR', ' SEMA6A-PLXNA4', ' BMP2-ACTR2', ' APOE-LRP6', ' APOE-SDC2', ' APOE-LRP1', ' BMP5-ACVR2B', ' BMP5-BMPR2', ' FN1-SDC2', ' LRPAP1-LRP1', ' BMP2-ACVR2B', ' BMP2-BMPR2', ' ALCAM-NRP1', ' BMP2-SMO', ' WNT4-SMO', ' WNT4-LRP6', ' TXLNA-STX3', ' AGRN-LRP1', ' SEMA3C-NRP1', ' SEMA3C-NRP1']"
Trigeminal,Lens,"['APP-RPSA', ' HMGB1-SDC1', ' HAPLN1-PRTG', ' CALM1-MYLK', ' BSG-SLC16A1', ' CALM2-MYLK', ' CALM1-KCNQ5', ' GPC3-IGF1R', ' EFNA5-EPHB2', ' MDK-SDC4', ' HSP90B1-LRP1', ' CALM2-KCNQ5', ' CALM1-HMMR', ' CALM1-PTPRA', ' EFNA5-EPHB1', ' CALM1-INSR', ' MDK-SDC1', ' MDK-LRP1', ' MDK-SDC2', ' CALM1-PDE1C', ' CALM2-INSR', ' CALM2-PDE1C', ' GNAI2-IGF1R', ' GPC3-CD81', ' APP-APLP2', ' BMP5-PTPRD', ' CALR-LRP1', ' CDH1-IGF1R', ' SLIT3-ROBO1', ' PTN-SDC4', ' CALR-ITGAV', ' PTN-PTPRS', ' PTN-CDH10', ' CDH1-PTPRF', ' PTN-SDC1', ' PTN-SDC2', ' APP-LRP6', ' PTN-PLXNB2', ' IGF2-IGF1R', ' ARF1-INSR', ' WNT6-LRP6', ' WNT6-LRP6', ' LAMC1-DAG1', ' APP-TSPAN12', ' LAMB1-DAG1', ' APP-LRP1', ' APP-NOTCH2', ' LAMA5-DAG1', ' CDH1-PTPRM', ' APP-NCSTN', ' AGRN-DAG1', ' CALM3-MYLK', ' ARPC5-LRP2', ' WNT6-FZD8', ' SLIT3-ROBO2', ' SOSTDC1-LRP6', ' AFDN-EPHB2', ' CALM3-KCNQ5', ' NECTIN3-NECTIN2', ' COL18A1-PTPRS', ' SEMA6A-PLXNA2', ' COL18A1-GPC4', ' HRAS-INSR', ' BMP5-ACVR2B', ' APOE-LRP6', ' AGRN-ITGB1', ' COL18A1-ITGB5', ' BMP2-ACVR2B', ' CALM3-INSR', ' APOE-LSR', ' CALM3-PDE1C', ' LAMA5-BCAM', ' SEMA5A-MET', ' SEMA6A-PLXNA4', ' BMP5-BMPR2', ' LMAN1-MCFD2', ' BMP2-SMO', ' APOE-LRP2', ' LAMC1-ITGA9', ' EFNB2-EPHB2', ' BMP5-ACVR2A', ' WNT4-SMO', ' WNT4-LRP6', ' WNT4-LRP6', ' BMP2-BMPR2', ' LAMC1-ITGA6', ' CDH1-ERBB3', ' BMP2-ACTR2', ' FN1-ITGA9', ' APOE-LRP1', ' BMP2-ACVR2A', ' APOE-SDC2', ' LRPAP1-LRP2', ' LAMB1-ITGA9', ' EFNB2-EPHB1', ' NECTIN3-NECTIN1', ' BMP5-BMPR1B', ' BMP5-BMPR1B', ' BMP5-BMPR1B', ' LAMB1-ITGA6', ' IGF2-INSR', ' VCL-ITGB5', ' LRPAP1-LRP1', ' COL4A1-ITGA9', ' BMP2-BMPR1B', ' BMP2-BMPR1B', ' BMP2-BMPR1B', ' LAMA5-ITGA9', ' TLN1-ITGB5', ' LAMA5-ITGA6', ' AGRN-LRP2', ' ADAM10-TSPAN14', ' SPINT1-ST14', ' TXLNA-STX3', ' LAMA5-SDC1', ' COL4A1-CD47', ' AGRN-LRP1', ' WNT4-FZD8', ' ADAM10-MET']"
Trigeminal,NC,"['MDK-NCL', ' PTN-NCL', ' APP-RPSA', ' HMGB1-SDC1', ' HAPLN1-PRTG', ' HSP90B1-LRP1', ' CALM1-HMMR', ' CALM1-PTPRA', ' MDK-LRP1', ' MDK-SDC1', ' EFNA5-EPHA7', ' EFNA5-EPHB2', ' CALM1-INSR', ' BSG-SLC16A1', ' CALM2-INSR', ' CALR-LRP1', ' GPC3-UNC5C', ' SLIT3-ROBO1', ' CALR-ITGAV', ' SEMA3A-NRP2', ' APP-APLP2', ' PTN-SDC1', ' NECTIN3-CADM1', ' GPC3-LRP1', ' PTN-PTPRS', ' CDH1-IGF1R', ' APP-LRP6', ' RTN4-TNFRSF19', ' APP-DCC', ' WNT6-LRP6', ' ARF1-INSR', ' GNAI2-EDNRA', ' WNT6-FZD3', ' IGF2-IGF1R', ' PDAP1-PDGFRB', ' APP-LRP1', ' APP-GPC1', ' APP-NOTCH2', ' WNT6-FZD7', ' CDH1-CDH2', ' APP-TNFRSF21', ' SEMA6A-PLXNA4', ' SOSTDC1-LRP6', ' FBLN1-ITGB1', ' AGRN-ITGB1', ' CDH1-PTPRM', ' APOE-LRP6', ' FRAS1-ITGA8', ' COL18A1-GPC1', ' AFDN-EPHA7', ' COL18A1-PTPRS', ' BMP5-ACVR2B', ' HRAS-INSR', ' COL18A1-GPC4', ' COL18A1-ITGB5', ' PDGFA-PDGFRA', ' SLIT3-ROBO2', ' LAMC1-ITGA9', ' BMP2-ACVR2B', ' BMP5-BMPR1B', ' CALM3-INSR', ' BMP5-BMPR2', ' BMP5-BMPR2', ' FN1-ITGA9', ' BMP5-PTPRD', ' BMP2-SMO', ' PDGFA-PDGFRB', ' WNT4-LRP6', ' BMP2-ACTR2', ' LMAN1-MCFD2', ' BMP2-BMPR1B', ' LAMB1-ITGA9', ' BMP2-BMPR2', ' BMP2-BMPR2', ' APOE-LRP1', ' WNT4-SMO', ' SOSTDC1-LRP4', ' SPTAN1-PTPRA', ' COL4A1-ITGA9', ' WNT4-FZD3', ' LAMC1-ITGA6', ' LAMA5-ITGA9', ' LRPAP1-LRP1', ' FN1-ITGA8', ' SEMA3C-NRP2', ' VCL-ITGB5', ' APOE-LRP4', ' LAMB1-ITGA6', ' BMP2-GPC1', ' BMP5-ACVR2A', ' BMP5-ACVR2A', ' IGF2-INSR', ' PDGFC-PDGFRA', ' COL4A1-SDC1', ' TLN1-ITGB5', ' BMP5-ACVR1', ' BMP5-ACVR1', ' BMP5-ACVR1', ' LAMA5-SDC1', ' WNT4-FZD7', ' AGRN-LRP1', ' BMP2-ACVR2A', ' BMP2-ACVR2A', ' BMP2-ACVR1', ' LAMA5-ITGA6', ' PDGFC-PDGFRB', ' AGRN-LRP4']"
Trigeminal,Neural plate,"['MDK-NCL', ' PTN-NCL', ' APP-RPSA', ' HAPLN1-PRTG', ' EFNA5-EPHA7', ' YBX1-NOTCH1', ' EFNA5-EPHA4', ' EFNA5-EPHB2', ' CALM1-PTPRA', ' CALM1-HMMR', ' EFNA5-EPHB1', ' MDK-LRP2', ' MDK-PTPRZ1', ' HSP90B1-LRP1', ' CALM1-MYLK', ' MDK-ITGA6', ' GPC3-IGF1R', ' MDK-NOTCH2', ' DNAJB11-PRTG', ' MDK-LRP1', ' CALM2-MYLK', ' CALM1-INSR', ' MDK-SDC2', ' CALM1-CACNA1C', ' CALM2-INSR', ' APP-DCC', ' CALM2-CACNA1C', ' BSG-SLC16A1', ' GNAI2-IGF1R', ' CDH1-CDH2', ' APP-APLP2', ' CALR-LRP1', ' PTN-PTPRZ1', ' PTN-PTPRS', ' NECTIN3-CADM1', ' CALR-ITGAV', ' CDH1-IGF1R', ' APP-LRP6', ' AFDN-EPHA7', ' RTN4-TNFRSF19', ' PTN-SDC1', ' PTN-SDC2', ' SLIT3-ROBO1', ' SEMA3A-NRP2', ' WNT6-LRP6', ' PTN-PLXNB2', ' WNT6-FZD2', ' ARF1-INSR', ' IGF2-IGF1R', ' SLIT2-DCC', ' APP-NOTCH2', ' APP-LRP1', ' SLIT3-ROBO2', ' ARPC5-LRP2', ' AFDN-EPHB2', ' APP-TSPAN12', ' APP-NCSTN', ' APP-TNFRSF21', ' APP-GPC1', ' CDH1-PTPRF', ' WNT6-FZD7', ' SOSTDC1-LRP6', ' EFNB2-EPHA4', ' EFNA4-EPHA7', ' FBLN1-ITGB1', ' BMP5-PTPRD', ' COL18A1-PTPRS', ' APOE-LRP6', ' ARPC5-LDLR', ' AGRN-ITGB1', ' EFNA4-EPHA4', ' HRAS-INSR', ' BMP5-ACVR2B', ' SEMA6A-PLXNA2', ' ADAM10-TSPAN5', ' EFNB2-EPHB2', ' BMP2-ACVR2B', ' APOE-LRP2', ' CDH1-PTPRM', ' CALM3-INSR', ' BMP2-SMO', ' ACTR2-LRP2', ' COL18A1-GPC1', ' BMP5-BMPR2', ' WNT4-LRP6', ' WNT4-SMO', ' EFNB2-EPHB1', ' CALM3-CACNA1C', ' BMP2-ACTR2', ' SPTAN1-PTPRA', ' SPARC-FGFR1', ' LRPAP1-LRP2', ' LAMC1-ITGA6', ' BMP2-BMPR2', ' ADAM10-NRCAM', ' SOSTDC1-LRP4', ' BMP5-BMPR1B', ' BMP5-BMPR1B', ' APOE-LRP1', ' BMP5-ACVR2A', ' BMP5-ACVR2A', ' BMP2-BMPR1B', ' BMP2-BMPR1B', ' NECTIN3-NECTIN1', ' LAMB1-ITGA6', ' APOE-LSR', ' APOE-LDLR', ' APOE-SDC2', ' ACTR2-LDLR', ' LRPAP1-LRP1', ' BMP2-ACVR2A', ' BMP2-ACVR2A', ' APOE-LRP4', ' AGRN-LRP2', ' APOE-LRP8', ' LRPAP1-SORT1', ' IGF2-INSR', ' LRPAP1-LDLR', ' LAMA5-ITGA6', ' LAMC1-ITGAV', ' BMP5-ACVR1', ' BMP5-ACVR1', ' BMP5-ACVR1', ' LRPAP1-LRP8', ' NRXN3-NLGN2', ' BMP2-ACVR1', ' AGRN-LRP1', ' BMP2-RGMB', ' COL4A1-CD47', ' LAMB1-ITGAV', ' WNT4-NOTCH1', ' BMP2-GPC1', ' WNT4-FZD7', ' LAMA5-SDC1', ' SEMA3C-NRP2', ' MFAP2-NOTCH1', ' ADAM10-NOTCH1', ' AGRN-LRP4', ' LAMA5-ITGAV']"
Trigeminal,Olfactory,"['APP-RPSA', ' HAPLN1-PRTG', ' EFNA5-EPHA4', ' CALM1-MYLK', ' MDK-ITGA6', ' CALM2-MYLK', ' EFNA5-EPHB1', ' EFNA5-EPHA7', ' CALM1-KCNQ5', ' CALM1-HMMR', ' GPC3-IGF1R', ' EFNA5-EPHB2', ' CALM2-KCNQ5', ' CALM1-PTPRA', ' HSP90B1-LRP1', ' MDK-SDC2', ' BSG-SLC16A1', ' CALM1-INSR', ' GNAI2-IGF1R', ' CALM2-INSR', ' NECTIN3-CADM1', ' APP-APLP2', ' CDH1-PTPRM', ' CDH1-CDH2', ' CDH1-IGF1R', ' ADAM10-CADM1', ' CALR-ITGAV', ' SEMA3A-NRP2', ' PTN-PTPRS', ' SLIT3-ROBO1', ' PTN-SDC2', ' SLIT3-ROBO2', ' APP-LRP6', ' PTN-SDC1', ' APP-TSPAN12', ' IGF2-IGF1R', ' CDH1-PTPRF', ' PTN-PLXNB2', ' WNT6-LRP6', ' WNT6-LRP6', ' ARF1-INSR', ' BMP5-PTPRD', ' GNAI2-F2R', ' APP-NOTCH2', ' CALM3-MYLK', ' WNT6-FZD8', ' APP-LRP1', ' COL18A1-GPC4', ' SLIT2-ROBO2', ' BMP5-BMPR1A', ' ARPC5-LRP2', ' AFDN-EPHA7', ' WNT6-LRP5', ' WNT6-LRP5', ' WNT6-LRP5', ' SOSTDC1-LRP6', ' BMP2-BMPR1A', ' CALM3-KCNQ5', ' AFDN-EPHB2', ' LAMC1-DAG1', ' BMP5-ACVR2B', ' APOE-LRP6', ' BMP2-ACVR2B', ' COL18A1-PTPRS', ' LAMC1-ITGA6', ' LAMB1-DAG1', ' HRAS-INSR', ' EFNA4-EPHA4', ' FN1-ITGA6', ' BMP5-BMPR1B', ' BMP5-BMPR1B', ' APOE-LSR', ' LAMB1-ITGA6', ' EFNB2-EPHB1', ' BMP2-SMO', ' LAMA5-DAG1', ' BMP2-BMPR1B', ' BMP2-BMPR1B', ' AGRN-DAG1', ' BMP5-BMPR2', ' BMP5-BMPR2', ' APOE-LRP2', ' WNT4-SMO', ' WNT4-LRP6', ' WNT4-LRP6', ' BMP2-ACTR2', ' BMP2-BMPR2', ' BMP2-BMPR2', ' LAMA5-ITGA6', ' SOSTDC1-LRP5', ' CDH1-ERBB3', ' NECTIN3-NECTIN1', ' CDH1-LRP5', ' APOE-SDC2', ' LRPAP1-LRP2', ' ADAM10-TSPAN12', ' EFNA4-EPHA7', ' APOE-LRP5', ' APOE-LRP1', ' APOE-SCARB1', ' LRPAP1-SORT1', ' BMP5-ACVR1', ' BMP5-ACVR1', ' BMP5-ACVR1', ' IGF2-INSR', ' SPINT1-ST14', ' ADAM10-NRCAM', ' AGRN-LRP2', ' LAMA5-BCAM', ' LRPAP1-LRP1', ' COL4A1-CD47', ' BMP2-ACVR1', ' TXLNA-STX3', ' WNT4-FZD8', ' LAMA5-SDC1', ' WNT4-LRP5', ' WNT4-LRP5', ' WNT4-LRP5', ' AGRN-LRP1']"
Trigeminal,Otic,"['MDK-NCL', ' PTN-NCL', ' APP-RPSA', ' EFNA5-EPHA4', ' HAPLN1-PRTG', ' CALM1-MYLK', ' CALM2-MYLK', ' EFNA5-EPHA7', ' MDK-ITGA6', ' CALM1-HMMR', ' BSG-SLC16A1', ' CALM1-PTPRA', ' DNAJB11-PRTG', ' GPC3-UNC5C', ' SLIT3-ROBO1', ' EFNB2-EPHA4', ' APP-APLP2', ' EFNA4-EPHA4', ' NECTIN3-CADM1', ' SLIT2-ROBO1', ' ADAM10-CADM1', ' APP-LRP6', ' CDH1-CDH2', ' CDH1-IGF1R', ' CDH1-PTPRF', ' WNT6-LRP6', ' WNT6-LRP6', ' CALM3-MYLK', ' APP-TSPAN12', ' AFDN-EPHA7', ' SLIT3-ROBO2', ' SOSTDC1-LRP6', ' BMP5-ACVR2B', ' BMP5-ACVR2B', ' APOE-LSR', ' BMP2-ACVR2B', ' BMP2-ACVR2B', ' APOE-LRP6', ' CDH1-ERBB3', ' CDH1-PTPRM', ' BMP5-ACVR2A', ' BMP5-ACVR2A', ' LAMC1-ITGA6', ' BMP2-ACVR2A', ' BMP2-ACVR2A', ' BMP2-ACTR2', ' BMP2-SMO', ' WNT4-LRP6', ' WNT4-LRP6', ' LAMB1-ITGA6', ' WNT4-SMO', ' BMP5-BMPR2', ' BMP5-BMPR2', ' EFNA4-EPHA7', ' LAMA5-ITGA6', ' BMP2-BMPR2', ' BMP2-BMPR2', ' LAMA5-BCAM']"
Trigeminal,Trigeminal,"['APP-RPSA', ' HAPLN1-PRTG', ' MDK-SDC4', ' EFNA5-EPHA4', ' MDK-ITGA6', ' EFNA5-EPHB2', ' CALM1-MYLK', ' CALM1-HMMR', ' CALM1-PTPRA', ' CALM2-MYLK', ' BSG-SLC16A1', ' PTN-SDC4', ' APP-APLP2', ' CDH1-PTPRF', ' SLIT3-ROBO1', ' CDH1-PTPRM', ' CDH1-IGF1R', ' APP-LRP6', ' APP-TSPAN12', ' BMP5-PTPRD', ' LAMC1-DAG1', ' WNT6-LRP6', ' WNT6-LRP6', ' NECTIN3-NECTIN2', ' LAMB1-DAG1', ' LAMA5-DAG1', ' AGRN-DAG1', ' ARPC5-LRP2', ' AFDN-EPHB2', ' IGF2-IGF2R', ' COL18A1-ITGB5', ' COL18A1-GPC4', ' SOSTDC1-LRP6', ' LAMA5-BCAM', ' SEMA6A-PLXNA2', ' APOE-LSR', ' BMP5-ACVR2B', ' APOE-LRP6', ' SEMA6A-PLXNA4', ' BMP2-ACTR2', ' LAMC1-ITGA6', ' BMP2-ACVR2B', ' APOE-LRP2', ' BMP2-SMO', ' VCL-ITGB5', ' LAMB1-ITGA6', ' WNT4-SMO', ' BMP5-BMPR2', ' BMP5-ACVR2A', ' LRPAP1-LRP2', ' WNT4-LRP6', ' WNT4-LRP6', ' TLN1-ITGB5', ' BMP2-BMPR2', ' BMP2-ACVR2A', ' LAMA5-ITGA6', ' ADAM10-TSPAN12', ' ITGB3BP-ITGB5']"
